word_id,word
0,aaron
1,aat
2,abandon
3,abdomen
4,abduct
5,abduction
6,abductor
7,abhor
8,abide
9,ability
10,abruptness
11,absence
12,absolve
13,absorb
14,absorption
15,abuse
16,accent
17,accept
18,access
19,accessory
20,accident
21,acclimate
22,accommodate
23,accommodation
24,accompany
25,accomplice
26,accomplish
27,accomplishment
28,accost
29,account
30,accusation
31,accuse
32,accuser
33,accusing
34,accustom
35,ace
36,ache
37,achieve
38,achievement
39,acknowledge
40,acquaintance
41,acquire
42,acquisition
43,acquit
44,act
45,acting
46,action
47,activate
48,activity
49,actress
50,ad
51,adam
52,add
53,addiction
54,addition
55,address
56,adhere
57,adjust
58,adler
59,administer
60,admiration
61,admire
62,admit
63,admonish
64,adolescence
65,adopt
66,adore
67,adorn
68,adrenaline
69,adult
70,advance
71,advantage
72,adventure
73,adventurous
74,advertise
75,advertisement
76,advice
77,advise
78,advisor
79,advocate
80,afecte
81,afection
82,affair
83,affect
84,affection
85,afford
86,affront
87,aford
88,afraid
89,afternoon
90,agape
91,age
92,agenda
93,agent
94,aggression
95,aggressive
96,agitate
97,agitation
98,agonize
99,agony
100,agree
101,agreement
102,aicke
103,aid
104,aim
105,ainche
106,aisle
107,alarm
108,album
109,alcohol
110,alcove
111,alert
112,algebra
113,alibi
114,alice
115,alight
116,allergy
117,alley
118,alleyway
119,alliance
120,allow
121,allowance
122,ally
123,alone
124,along
125,aloofness
126,aloud
127,altar
128,alter
129,alternate
130,amah
131,amaze
132,amazement
133,amazing
134,ambition
135,ambivalence
136,amend
137,american
138,ammunition
139,amount
140,amuse
141,amusement
142,amusing
143,analysis
144,analyst
145,analyze
146,ancestor
147,ancestry
148,anger
149,angle
150,angriest
151,angry
152,anguish
153,animation
154,ankle
155,announce
156,annoy
157,annoyance
158,answer
159,antic
160,anticipate
161,anus
162,anxiety
163,anxious
164,apartment
165,apathy
166,ape
167,apologise
168,apologize
169,apology
170,appal
171,appeal
172,appear
173,appearance
174,appetite
175,apple
176,application
177,apply
178,appointment
179,appraisal
180,appraise
181,appreciate
182,appreciation
183,apprentice
184,approach
185,approval
186,approve
187,approximation
188,apron
189,aptitude
190,arch
191,archer
192,arena
193,argue
194,argument
195,arm
196,armband
197,armoire
198,armor
199,armory
200,armpit
201,arouse
202,arrange
203,arrest
204,arrival
205,arrive
206,arrived
207,arse
208,art
209,article
210,articulate
211,artist
212,artwork
213,ascend
214,ascent
215,ash
216,ashamed
217,ask
218,asked
219,asking
220,asleep
221,aspect
222,aspire
223,ass
224,assail
225,assailant
226,assault
227,assemble
228,assert
229,assess
230,assessment
231,asset
232,assign
233,assignment
234,assist
235,assistant
236,associate
237,association
238,assume
239,assumption
240,assurance
241,assure
242,asthma
243,astonish
244,astonishment
245,astound
246,ate
247,atone
248,atrocity
249,attach
250,attachment
251,attack
252,attacker
253,attain
254,attempt
255,attend
256,attendance
257,attendant
258,attention
259,attire
260,attitude
261,attorney
262,attract
263,attraction
264,attractive
265,attribute
266,attune
267,audacity
268,audience
269,audition
270,aunt
271,auntie
272,auricle
273,austine
274,aute
275,authority
276,authorize
277,auttere
278,available
279,avenge
280,avert
281,avoid
282,await
283,awake
284,awaken
285,awakening
286,award
287,aware
288,awareness
289,awe
290,awkward
291,awkwardness
292,awry
293,aﬀord
294,aﬄicte
295,ba
296,baba
297,babble
298,baby
299,babysat
300,back
301,backache
302,background
303,backhand
304,backing
305,backpack
306,backside
307,backtrack
308,backwards
309,bad
310,badger
311,baffle
312,bag
313,baggage
314,baguette
315,bait
316,bake
317,bakehouse
318,balance
319,balcony
320,balk
321,ball
322,balm
323,band
324,bandage
325,bandanna
326,bang
327,banish
328,bank
329,banker
330,bankrupt
331,banquet
332,bao
333,baobei
334,bar
335,barb
336,barbies
337,bare
338,bargain
339,bargaining
340,barge
341,bark
342,barrack
343,barrel
344,barrenness
345,base
346,bask
347,basket
348,bat
349,bath
350,bathe
351,bathroom
352,bathtub
353,batter
354,battery
355,battle
356,bawl
357,be
358,bead
359,beam
360,bear
361,bearing
362,beat
363,beautiful
364,beauty
365,beck
366,beckon
367,become
368,bed
369,bedcover
370,bedding
371,bedmate
372,bedpost
373,bedraggle
374,bedroom
375,bedsheet
376,bedside
377,bedtime
378,beep
379,beer
380,befall
381,before
382,befriend
383,befuddle
384,beg
385,begging
386,begin
387,begrudge
388,behalf
389,behave
390,behavior
391,behaviour
392,behold
393,being
394,belch
395,belief
396,believe
397,believer
398,belittle
399,bell
400,bellow
401,belly
402,belong
403,belonging
404,belt
405,bemoan
406,bemuse
407,bend
408,benefactor
409,benefit
410,beneﬁt
411,beneﬁte
412,bent
413,berate
414,bereavement
415,berth
416,beseech
417,bess
418,best
419,bestow
420,bet
421,betray
422,betrayal
423,betroth
424,betrothal
425,betrothed
426,beverage
427,bewilder
428,bicycle
429,bid
430,bidding
431,bike
432,bikini
433,bikinis
434,bill
435,billfold
436,bind
437,binding
438,biographer
439,birth
440,birthdate
441,birthday
442,birthmark
443,bit
444,bite
445,bitterness
446,black
447,blackberry
448,blackmail
449,bladder
450,blade
451,blame
452,blanch
453,blank
454,blanket
455,blankly
456,blather
457,blazer
458,bleach
459,bleed
460,bleeding
461,blend
462,bless
463,blessing
464,blight
465,blind
466,blindfold
467,blindness
468,blink
469,blister
470,block
471,blog
472,blond
473,blood
474,bloodline
475,bloodstream
476,blossom
477,blotter
478,blouse
479,blow
480,bluf
481,bluff
482,blurt
483,blush
484,bluster
485,boar
486,board
487,boardinghouse
488,boast
489,bob
490,bodice
491,body
492,bodyguard
493,bodysurfe
494,boil
495,boldness
496,bolino
497,bolt
498,bombard
499,bond
500,bone
501,bonesetter
502,bonus
503,book
504,bookcase
505,bookkeeper
506,bookshelf
507,boom
508,boot
509,bore
510,boredom
511,borrow
512,bosom
513,boss
514,bot
515,bother
516,bottle
517,bottom
518,boudoir
519,bounce
520,bound
521,boundary
522,boundless
523,bout
524,bow
525,bowl
526,box
527,boy
528,boyfriend
529,boyish
530,bra
531,brace
532,bracelet
533,brag
534,braid
535,brain
536,branch
537,brand
538,bravado
539,brave
540,brazen
541,break
542,breakfast
543,breaking
544,breakup
545,breast
546,breastbone
547,breaststroke
548,breath
549,breathe
550,breathing
551,brew
552,bribe
553,bride
554,bridegroom
555,brieay
556,brief
557,briefcase
558,briefly
559,brighten
560,brightness
561,brilliance
562,bring
563,bristle
564,british
565,broach
566,broaden
567,broil
568,brokenhearte
569,brood
570,brooding
571,brotgewürz
572,broth
573,brother
574,brow
575,browse
576,bruise
577,brush
578,brushstroke
579,bubble
580,buck
581,bucket
582,buckle
583,bud
584,buddy
585,buffet
586,bug
587,build
588,building
589,bullet
590,bully
591,bump
592,bun
593,bundle
594,bunk
595,bunkmate
596,buoy
597,burden
598,burial
599,burn
600,burning
601,burp
602,burrow
603,burst
604,bury
605,business
606,bustle
607,busy
608,butt
609,butter
610,butterfly
611,buttock
612,button
613,buy
614,buzz
615,bypass
616,cab
617,cabin
618,cabinet
619,cable
620,cache
621,cackle
622,café
623,cage
624,cajole
625,cake
626,calculate
627,calf
628,call
629,calligraphy
630,calm
631,calyx
632,came
633,camera
634,camisole
635,camp
636,campaign
637,can
638,cancel
639,candidate
640,candor
641,candy
642,cane
643,canine
644,canvas
645,cap
646,capacity
647,cape
648,capital
649,cappuccino
650,captain
651,captivate
652,captivity
653,captor
654,capture
655,car
656,card
657,care
658,career
659,careful
660,carelessness
661,caress
662,carp
663,carpet
664,carriage
665,carriagemate
666,carrot
667,carry
668,cart
669,carve
670,case
671,casket
672,cassoulet
673,cast
674,castle
675,casual
676,cat
677,catalog
678,catalogue
679,catch
680,catchphrase
681,cater
682,catty
683,cause
684,caution
685,cautious
686,cave
687,cavern
688,cd
689,cease
690,ceiling
691,ceilingward
692,celebrate
693,cell
694,cello
695,cement
696,center
697,centimeter
698,cereal
699,ceremony
700,certificate
701,certiﬁcate
702,chablis
703,chagrin
704,chain
705,chair
706,chairman
707,chaise
708,challenge
709,champagne
710,champion
711,chance
712,change
713,channel
714,chant
715,chap
716,chaperon
717,chaperone
718,character
719,characteristic
720,charcoal
721,charge
722,charm
723,chart
724,chase
725,chasing
726,chastise
727,chat
728,chatter
729,cheat
730,check
731,checkerboard
732,checklist
733,cheek
734,cheekbone
735,cheer
736,cheerfulness
737,chef
738,chemise
739,cheongsam
740,cherish
741,chest
742,chew
743,chic
744,chick
745,chickene
746,chide
747,chief
748,child
749,childhood
750,chill
751,chime
752,chin
753,chinese
754,chineseness
755,chip
756,chocolate
757,choice
758,choke
759,chomp
760,choose
761,chop
762,chopstick
763,chore
764,chortle
765,christmas
766,chuck
767,chuckle
768,church
769,churchgoing
770,churn
771,cigarette
772,circle
773,circuit
774,circulate
775,circulation
776,circumstance
777,cite
778,citizenship
779,city
780,cityscape
781,clack
782,claim
783,clamber
784,clamor
785,clamp
786,clap
787,clarify
788,clarity
789,clasp
790,class
791,classic
792,classmate
793,classroom
794,clavicle
795,claw
796,clawing
797,clean
798,cleanse
799,clear
800,cleavage
801,cleaver
802,clench
803,clever
804,cleverness
805,click
806,client
807,climax
808,climb
809,cling
810,clinic
811,clink
812,clip
813,clipboard
814,clock
815,close
816,closeness
817,closet
818,cloth
819,clothe
820,clothilde
821,clothing
822,cloud
823,club
824,cluck
825,clue
826,clump
827,clumsy
828,clung
829,clusburtson
830,clutch
831,clutched
832,coach
833,coat
834,coax
835,cock
836,cocktail
837,cocoon
838,coddle
839,code
840,coerce
841,cofee
842,coffee
843,coffin
844,coin
845,cola
846,collaborate
847,collapse
848,collar
849,collarbone
850,colleague
851,collect
852,collection
853,collide
854,collude
855,colonize
856,color
857,coloring
858,comatose
859,comb
860,combat
861,combing
862,come
863,comfort
864,comfortable
865,comforter
866,coming
867,command
868,commend
869,comment
870,commission
871,commit
872,commitment
873,commodity
874,commotion
875,communicate
876,communiqué
877,communist
878,companion
879,company
880,compare
881,compartment
882,compatriot
883,compel
884,compendium
885,compensate
886,compete
887,competence
888,compile
889,complain
890,complaint
891,complement
892,complete
893,complex
894,complexion
895,complexity
896,compliment
897,comply
898,compose
899,composure
900,comprehend
901,compromise
902,computer
903,comrade
904,conceal
905,concede
906,conceive
907,concentrate
908,concentration
909,concern
910,concerned
911,conciliatory
912,conclude
913,conclusion
914,concubine
915,concur
916,condition
917,confer
918,confess
919,confession
920,confide
921,confidence
922,confine
923,confirm
924,confound
925,confront
926,confrontation
927,confuse
928,confused
929,confusion
930,congratulate
931,congratulation
932,connect
933,connection
934,connoisseur
935,conquer
936,conscience
937,conscious
938,consciousness
939,consent
940,conserve
941,consider
942,consist
943,consolation
944,console
945,consolidate
946,constant
947,constipate
948,constitute
949,constitution
950,consult
951,consultant
952,consume
953,contact
954,contain
955,contemplate
956,contemporary
957,content
958,continue
959,contort
960,contract
961,contraction
962,contradict
963,contradiction
964,contribute
965,contribution
966,contrive
967,control
968,convalescence
969,convenience
970,conversation
971,converse
972,convert
973,convey
974,conviction
975,convince
976,conﬁde
977,conﬁdence
978,conﬁne
979,conﬁrme
980,coo
981,cook
982,cooking
983,cool
984,coolie
985,coolness
986,cooperate
987,cooperation
988,cop
989,cope
990,copper
991,copy
992,copybook
993,cordone
994,core
995,corner
996,correct
997,correspondence
998,corrupt
999,corruption
1000,cosmetic
1001,cost
1002,costar
1003,costume
1004,cot
1005,coterie
1006,couch
1007,cough
1008,could
1009,counsel
1010,counselor
1011,count
1012,counter
1013,countersignature
1014,counting
1015,country
1016,countryman
1017,coupon
1018,courage
1019,couriere
1020,course
1021,court
1022,courtesy
1023,courtyard
1024,cousin
1025,cover
1026,coverall
1027,cowardice
1028,cower
1029,coworker
1030,coy
1031,coﬀee
1032,crack
1033,cradle
1034,craft
1035,cram
1036,crane
1037,crash
1038,crave
1039,crawl
1040,crazy
1041,cream
1042,create
1043,creation
1044,creature
1045,credit
1046,creep
1047,crib
1048,crime
1049,criminal
1050,crimson
1051,cringe
1052,cripple
1053,crisscross
1054,critic
1055,criticism
1056,criticize
1057,critique
1058,croak
1059,crook
1060,cross
1061,crotch
1062,crouch
1063,crow
1064,crown
1065,cruelty
1066,crumble
1067,crumple
1068,crumpled
1069,crusade
1070,crush
1071,crust
1072,crutch
1073,cruzin
1074,cry
1075,crying
1076,cubby
1077,cuddle
1078,cue
1079,cuff
1080,cultivate
1081,culture
1082,cunt
1083,cup
1084,cups
1085,curb
1086,cure
1087,curfew
1088,curiosity
1089,curiously
1090,curl
1091,currency
1092,curriculum
1093,curse
1094,curt
1095,curtain
1096,curtsy
1097,curve
1098,custom
1099,customer
1100,customize
1101,customline
1102,cut
1103,cuticle
1104,cv
1105,cycle
1106,cycling
1107,dab
1108,dabble
1109,dad
1110,daddy
1111,dagger
1112,damage
1113,damn
1114,dampen
1115,dance
1116,dancer
1117,dancing
1118,dangle
1119,dare
1120,dares
1121,daring
1122,darling
1123,dart
1124,dash
1125,date
1126,daub
1127,daughter
1128,dawdle
1129,day
1130,daybe
1131,daydream
1132,daze
1133,dazzle
1134,deaate
1135,dead
1136,deal
1137,dealer
1138,dean
1139,dear
1140,death
1141,deathbed
1142,debate
1143,debt
1144,decade
1145,decamp
1146,decant
1147,decare
1148,deceive
1149,deception
1150,decide
1151,decision
1152,declaration
1153,declare
1154,decline
1155,dedicate
1156,dedication
1157,deed
1158,deem
1159,deepen
1160,defeat
1161,defect
1162,defend
1163,defender
1164,defense
1165,defiance
1166,defile
1167,define
1168,deflate
1169,deflect
1170,defloration
1171,deflower
1172,deformity
1173,defy
1174,degrade
1175,degree
1176,delay
1177,delete
1178,deliberate
1179,delight
1180,delirium
1181,deliver
1182,delivery
1183,delve
1184,demand
1185,demean
1186,demeanor
1187,demise
1188,democracy
1189,demon
1190,demonstrate
1191,demur
1192,den
1193,denial
1194,denounce
1195,denunciate
1196,deny
1197,depart
1198,department
1199,departure
1200,depend
1201,dependence
1202,depict
1203,deport
1204,deposit
1205,depress
1206,depressed
1207,deprive
1208,descend
1209,descent
1210,describe
1211,description
1212,desert
1213,deserve
1214,design
1215,desire
1216,desk
1217,deskmate
1218,despair
1219,despaired
1220,desperation
1221,despise
1222,despondency
1223,destination
1224,destine
1225,destiny
1226,destroy
1227,destruction
1228,detach
1229,detachment
1230,detain
1231,detect
1232,deter
1233,determination
1234,determine
1235,determined
1236,detest
1237,detonate
1238,detour
1239,devastate
1240,devastation
1241,develop
1242,developing
1243,development
1244,deviate
1245,deviation
1246,device
1247,devise
1248,devote
1249,devotion
1250,devour
1251,deﬁance
1252,deﬁe
1253,deﬁlement
1254,deﬂecte
1255,diagnose
1256,diagnosis
1257,dial
1258,dialect
1259,diaper
1260,diary
1261,dice
1262,dick
1263,dictate
1264,dictionary
1265,die
1266,difference
1267,dig
1268,digest
1269,dignify
1270,dignity
1271,diminish
1272,din
1273,dinner
1274,dip
1275,direct
1276,direction
1277,directory
1278,disabuse
1279,disadvantaged
1280,disagree
1281,disappear
1282,disappearance
1283,disappoint
1284,disappointment
1285,disapproval
1286,disapprove
1287,disarm
1288,disassociate
1289,disastrous
1290,disbelief
1291,discard
1292,discern
1293,discharge
1294,discipline
1295,disclose
1296,discomfort
1297,disconnect
1298,discontent
1299,discourage
1300,discover
1301,discovery
1302,discuss
1303,discussion
1304,disdain
1305,disease
1306,disembark
1307,disembarking
1308,disengage
1309,disgrace
1310,disguise
1311,disgust
1312,dish
1313,dishonor
1314,disinter
1315,dislike
1316,dismantle
1317,dismay
1318,dismiss
1319,disobey
1320,disorient
1321,disown
1322,disparage
1323,dispatch
1324,dispense
1325,display
1326,displease
1327,displeasure
1328,disposal
1329,disregard
1330,disrespect
1331,dissolve
1332,dissuade
1333,distance
1334,distaste
1335,distinguish
1336,distract
1337,distraction
1338,distraught
1339,distress
1340,distribute
1341,district
1342,distrust
1343,disturb
1344,disﬁgure
1345,disﬁgurement
1346,ditch
1347,divert
1348,division
1349,divorce
1350,divulge
1351,dizzy
1352,do
1353,doctor
1354,document
1355,dodge
1356,dog
1357,doing
1358,dois
1359,doll
1360,dollar
1361,domain
1362,dominate
1363,don
1364,doodle
1365,doom
1366,door
1367,doorbell
1368,doorframe
1369,doorstep
1370,doorway
1371,dope
1372,dorm
1373,dormitory
1374,dosage
1375,dose
1376,dossier
1377,dot
1378,dou
1379,double
1380,doubt
1381,doubtful
1382,douse
1383,dove
1384,down
1385,downfall
1386,download
1387,downstair
1388,dowry
1389,doze
1390,draft
1391,drag
1392,dragon
1393,drain
1394,drank
1395,drape
1396,draw
1397,drawer
1398,drawing
1399,drawl
1400,dread
1401,dream
1402,dredge
1403,drench
1404,dress
1405,dresser
1406,dressmaker
1407,dribble
1408,drift
1409,drill
1410,drink
1411,drive
1412,driver
1413,driveway
1414,drone
1415,drool
1416,droop
1417,drop
1418,dropping
1419,drown
1420,drowsiness
1421,drum
1422,dry
1423,du
1424,duck
1425,duct
1426,dudou
1427,dull
1428,dump
1429,dumpling
1430,dunno
1431,dust
1432,dutch
1433,duty
1434,dwell
1435,dwindle
1436,dye
1437,e
1438,eager
1439,eagerness
1440,eagle
1441,ear
1442,earbud
1443,eardrum
1444,earlobe
1445,early
1446,earn
1447,earning
1448,earplug
1449,earring
1450,earthness
1451,ease
1452,easel
1453,easy
1454,eat
1455,eaten
1456,eating
1457,eavesdrop
1458,echo
1459,eczema
1460,edfred
1461,edge
1462,edit
1463,editor
1464,educate
1465,education
1466,effect
1467,effort
1468,effortlessness
1469,efort
1470,egg
1471,ego
1472,either
1473,eject
1474,elaborate
1475,elate
1476,elation
1477,elbow
1478,elder
1479,elect
1480,elegance
1481,element
1482,elude
1483,email
1484,embark
1485,embarrass
1486,embarrassment
1487,embellish
1488,embezzle
1489,embodiment
1490,embrace
1491,embroider
1492,embroidery
1493,emerge
1494,emit
1495,emotion
1496,empathy
1497,emperor
1498,emphasize
1499,employ
1500,employee
1501,employer
1502,employment
1503,empower
1504,emptiness
1505,empty
1506,enable
1507,enchantment
1508,enclose
1509,encounter
1510,encourage
1511,encouragement
1512,end
1513,endure
1514,enemy
1515,energy
1516,enfold
1517,engage
1518,engagement
1519,english
1520,englishman
1521,engross
1522,engulf
1523,enjoy
1524,enjoyed
1525,enjoyment
1526,enlist
1527,enough
1528,enquire
1529,enrage
1530,enrol
1531,enroll
1532,enrollment
1533,enshroud
1534,enslave
1535,ensure
1536,enter
1537,entertain
1538,entertainer
1539,entertaining
1540,enthral
1541,enthusiasm
1542,entice
1543,entire
1544,entitle
1545,entourage
1546,entrance
1547,entreaty
1548,entrust
1549,entry
1550,enunciate
1551,envelop
1552,envious
1553,envisage
1554,envision
1555,envy
1556,equipment
1557,equivocate
1558,erase
1559,eraser
1560,err
1561,errand
1562,erupt
1563,escape
1564,escapee
1565,escort
1566,essay
1567,essence
1568,establish
1569,estimate
1570,estimation
1571,etch
1572,ethnicity
1573,evacuate
1574,evade
1575,evening
1576,evict
1577,ex
1578,exaggerate
1579,exam
1580,examine
1581,example
1582,exasperate
1583,excel
1584,exception
1585,exchange
1586,excite
1587,excitement
1588,exclaim
1589,exclude
1590,excursion
1591,excuse
1592,execute
1593,executive
1594,exercise
1595,exert
1596,exhale
1597,exhaust
1598,exhausted
1599,exhibit
1600,exhibition
1601,exhilarate
1602,exile
1603,exist
1604,existence
1605,exit
1606,expand
1607,expect
1608,expectation
1609,expedition
1610,expel
1611,expend
1612,expense
1613,experience
1614,experienced
1615,expertise
1616,explain
1617,explanation
1618,explode
1619,exploration
1620,explore
1621,expose
1622,expound
1623,express
1624,expression
1625,expressionless
1626,extend
1627,extension
1628,exterior
1629,extract
1630,extricate
1631,exude
1632,eye
1633,eyeball
1634,eyebrow
1635,eyed
1636,eyeglass
1637,eyelash
1638,eyelid
1639,eyeliner
1640,eyetooth
1641,eﬀort
1642,facade
1643,face
1644,factor
1645,factory
1646,fade
1647,fail
1648,failing
1649,failure
1650,faint
1651,faith
1652,fake
1653,fall
1654,falter
1655,faltering
1656,fame
1657,family
1658,famish
1659,fan
1660,fancy
1661,fang
1662,fantasize
1663,fare
1664,fascinate
1665,fascination
1666,fashion
1667,fasten
1668,fate
1669,father
1670,fathom
1671,fatigue
1672,fault
1673,favor
1674,favorite
1675,favourite
1676,fax
1677,fear
1678,fearless
1679,feature
1680,fecklessness
1681,fee
1682,feed
1683,feeding
1684,feel
1685,feeling
1686,feign
1687,feint
1688,felt
1689,femininity
1690,fence
1691,fend
1692,ferment
1693,ferocity
1694,ferry
1695,fertile
1696,festival
1697,fetch
1698,fever
1699,fiancé
1700,fictionalize
1701,fiddle
1702,fidget
1703,field
1704,fiend
1705,fifth
1706,fifty
1707,fight
1708,figure
1709,file
1710,fill
1711,film
1712,financial
1713,find
1714,fine
1715,finger
1716,fingernail
1717,fingerprint
1718,fingertip
1719,fingertips
1720,finish
1721,fire
1722,firm
1723,first
1724,firstborn
1725,fish
1726,fist
1727,fit
1728,fix
1729,fixate
1730,flag
1731,flail
1732,flank
1733,flap
1734,flash
1735,flashlight
1736,flat
1737,flatten
1738,flatter
1739,flaw
1740,fle
1741,flee
1742,flesh
1743,flgge
1744,flick
1745,flight
1746,flinch
1747,fling
1748,flip
1749,flirt
1750,flirtation
1751,float
1752,flock
1753,flood
1754,floor
1755,flop
1756,flounce
1757,flourish
1758,flow
1759,flower
1760,fluency
1761,fluent
1762,flush
1763,fluster
1764,flutter
1765,flw
1766,fly
1767,foaming
1768,focus
1769,fold
1770,folder
1771,folk
1772,follow
1773,follower
1774,fondness
1775,food
1776,fool
1777,foot
1778,footed
1779,footfall
1780,footing
1781,footlocker
1782,footprint
1783,footstep
1784,forbid
1785,force
1786,forearm
1787,forefinger
1788,forehead
1789,foresee
1790,foresight
1791,forest
1792,foreﬁnger
1793,forfeit
1794,forgave
1795,forge
1796,forget
1797,forgive
1798,forgiveness
1799,forgo
1800,forgot
1801,fork
1802,form
1803,fortify
1804,fortune
1805,forty
1806,forward
1807,fountain
1808,fox
1809,fragility
1810,fragrance
1811,fragrant
1812,frame
1813,française
1814,freak
1815,freckle
1816,free
1817,freedom
1818,freeze
1819,french
1820,frequent
1821,fret
1822,fridge
1823,friend
1824,friendship
1825,frighten
1826,frightened
1827,fringe
1828,frolic
1829,front
1830,frown
1831,froze
1832,frustrate
1833,frustration
1834,fry
1835,fu
1836,fuck
1837,full
1838,fullness
1839,fumble
1840,fume
1841,function
1842,fund
1843,funeral
1844,fur
1845,furious
1846,furnishing
1847,furniture
1848,fury
1849,fuss
1850,fussy
1851,future
1852,g
1853,gabbe
1854,gabble
1855,gag
1856,gain
1857,gait
1858,gall
1859,gallery
1860,gamble
1861,gambler
1862,game
1863,gang
1864,gap
1865,garden
1866,garment
1867,gasp
1868,gate
1869,gather
1870,gathering
1871,gauge
1872,gawk
1873,gaze
1874,gear
1875,gender
1876,general
1877,generosity
1878,generous
1879,genital
1880,genius
1881,german
1882,gesture
1883,get
1884,getting
1885,ghost
1886,gibe
1887,giddiness
1888,giddy
1889,gift
1890,giggle
1891,gingerroot
1892,girl
1893,girlfriend
1894,girlhood
1895,girlishness
1896,gist
1897,gitane
1898,gitanes
1899,give
1900,glance
1901,glare
1902,glass
1903,glean
1904,glee
1905,gleefully
1906,glide
1907,glimpse
1908,glinting
1909,gloom
1910,glory
1911,gloss
1912,glove
1913,glow
1914,glowed
1915,glower
1916,glue
1917,gmail
1918,go
1919,goad
1920,goal
1921,gobble
1922,god
1923,goddaughter
1924,going
1925,gold
1926,gone
1927,good
1928,goodbye
1929,goodness
1930,google
1931,gorge
1932,gossip
1933,got
1934,gouge
1935,govern
1936,government
1937,gown
1938,grab
1939,grace
1940,grade
1941,graduate
1942,graduation
1943,grain
1944,grammar
1945,grandchild
1946,granddad
1947,granddaughter
1948,grandfather
1949,grandma
1950,grandmother
1951,grandniece
1952,grandparent
1953,grandson
1954,grant
1955,grape
1956,grapple
1957,grasp
1958,gratify
1959,gratitude
1960,grave
1961,graze
1962,green
1963,greet
1964,greeting
1965,grief
1966,grievance
1967,grieve
1968,grill
1969,grimace
1970,grin
1971,grind
1972,grindstone
1973,grip
1974,grit
1975,groan
1976,grocery
1977,groggily
1978,groin
1979,groom
1980,grope
1981,ground
1982,groundwork
1983,group
1984,grow
1985,growl
1986,grudge
1987,grumble
1988,grunt
1989,guard
1990,guess
1991,guest
1992,guide
1993,guilt
1994,guilte
1995,gullet
1996,gulp
1997,gum
1998,gun
1999,gush
2000,gut
2001,guzzle
2002,habit
2003,hack
2004,hackle
2005,had
2006,hadn
2007,haggle
2008,hail
2009,hair
2010,hairbrush
2011,haircut
2012,hairline
2013,hairstyle
2014,hall
2015,hallucinate
2016,halt
2017,hamper
2018,hamstring
2019,hand
2020,handbag
2021,handcuff
2022,handed
2023,handful
2024,handicap
2025,handing
2026,handiwork
2027,handkerchief
2028,handle
2029,handler
2030,handmaid
2031,handprint
2032,handwriting
2033,hang
2034,hangout
2035,happen
2036,happiness
2037,happy
2038,harbor
2039,hard
2040,harden
2041,hardworke
2042,harm
2043,harsh
2044,harshness
2045,harvest
2046,haste
2047,hasten
2048,hat
2049,hate
2050,hatred
2051,haughtiness
2052,haul
2053,haunch
2054,haunt
2055,have
2056,hayami
2057,hazard
2058,haze
2059,he
2060,head
2061,headache
2062,headband
2063,headboard
2064,headdress
2065,headfirst
2066,headlong
2067,headmistress
2068,headphone
2069,headquarter
2070,headquarters
2071,heal
2072,health
2073,heap
2074,hear
2075,hearing
2076,heart
2077,heartache
2078,heartbeat
2079,heartstring
2080,heat
2081,heave
2082,heavy
2083,heavyhandedness
2084,heed
2085,heel
2086,height
2087,heime
2088,heir
2089,helmet
2090,help
2091,helplessness
2092,hemorrhage
2093,heping
2094,her
2095,herb
2096,herd
2097,heritage
2098,heroine
2099,hesitance
2100,hesitancy
2101,hesitate
2102,hesitation
2103,hibernation
2104,hiccup
2105,hide
2106,high
2107,hike
2108,himalayan
2109,hint
2110,hip
2111,hire
2112,hiss
2113,history
2114,hit
2115,hitch
2116,hitching
2117,hoard
2118,hoarse
2119,hobble
2120,hoist
2121,hold
2122,hole
2123,holler
2124,home
2125,homeland
2126,homesick
2127,hometown
2128,homework
2129,honey
2130,honk
2131,honor
2132,honour
2133,hood
2134,hoodie
2135,hook
2136,hop
2137,hope
2138,hopefulness
2139,horizon
2140,hork
2141,horrify
2142,horror
2143,horse
2144,hospitable
2145,hospital
2146,host
2147,hostess
2148,hostility
2149,hotel
2150,hound
2151,hour
2152,house
2153,housedress
2154,household
2155,housekeeper
2156,housekeeping
2157,housemate
2158,hover
2159,howl
2160,hua
2161,huddle
2162,huff
2163,hug
2164,hui
2165,hulije
2166,hum
2167,humble
2168,humiliate
2169,humiliation
2170,humor
2171,hunch
2172,hunger
2173,hungry
2174,hunt
2175,hurl
2176,hurry
2177,hurt
2178,hurtle
2179,husband
2180,hush
2181,hustle
2182,hydrangea
2183,hyper
2184,hypothesis
2185,i
2186,idea
2187,identify
2188,identity
2189,identiﬁe
2190,identiﬁer
2191,idle
2192,idolize
2193,ignite
2194,ignorance
2195,ignore
2196,ill
2197,illness
2198,image
2199,imagination
2200,imagine
2201,imagining
2202,imago
2203,imbue
2204,imitate
2205,immaturity
2206,immerse
2207,immigrate
2208,immobilize
2209,impact
2210,impatience
2211,impatient
2212,impede
2213,impersonate
2214,imploding
2215,implore
2216,imply
2217,importance
2218,important
2219,impress
2220,impressed
2221,impression
2222,impressive
2223,imprison
2224,imprisonment
2225,improve
2226,improvement
2227,improvise
2228,imprudence
2229,impudence
2230,impugn
2231,impulse
2232,in
2233,inability
2234,inaction
2235,inadequacy
2236,incapable
2237,incapacitate
2238,incense
2239,inch
2240,incision
2241,incisor
2242,inclination
2243,incline
2244,include
2245,inclusion
2246,income
2247,incorporate
2248,increase
2249,incredulously
2250,incriminating
2251,independence
2252,index
2253,indicate
2254,indignation
2255,indispensable
2256,indiﬀerence
2257,induce
2258,indulge
2259,infant
2260,infect
2261,infidelity
2262,influence
2263,inform
2264,information
2265,infuriate
2266,infuse
2267,ingest
2268,ingratiate
2269,inhabit
2270,inhalation
2271,inhale
2272,inherit
2273,inheritance
2274,inhibit
2275,initial
2276,initiate
2277,inject
2278,injection
2279,injure
2280,ink
2281,inkstone
2282,innard
2283,innocence
2284,inoculate
2285,inquire
2286,inquiry
2287,insect
2288,insecurity
2289,insert
2290,inside
2291,insight
2292,insist
2293,insisted
2294,insistence
2295,insolence
2296,inspect
2297,inspector
2298,inspire
2299,instability
2300,instinct
2301,institute
2302,instruct
2303,instruction
2304,instructor
2305,insult
2306,intake
2307,intelligence
2308,intend
2309,intensiﬁed
2310,intent
2311,intention
2312,interact
2313,intercept
2314,interest
2315,interested
2316,interesting
2317,interference
2318,interject
2319,interlock
2320,interpret
2321,interpretation
2322,interrogate
2323,interrogation
2324,interrupt
2325,interruption
2326,intervene
2327,interview
2328,intestine
2329,intimacy
2330,intimidate
2331,intone
2332,intoxicate
2333,intrigue
2334,introduce
2335,introduction
2336,inure
2337,invade
2338,invent
2339,inventory
2340,invest
2341,investigate
2342,investigation
2343,investor
2344,invigorate
2345,invitation
2346,invite
2347,involve
2348,involvement
2349,inward
2350,inﬂecte
2351,iove
2352,iphone
2353,ire
2354,irk
2355,iron
2356,irrationality
2357,irresistible
2358,irresponsibility
2359,irritability
2360,irritable
2361,irritate
2362,irritated
2363,irritation
2364,isolate
2365,issue
2366,it
2367,italian
2368,itch
2369,itching
2370,itchy
2371,item
2372,itinerary
2373,jab
2374,jabber
2375,jacket
2376,jade
2377,jailer
2378,jam
2379,japan
2380,jar
2381,jasmine
2382,jaw
2383,jawline
2384,jealousy
2385,jean
2386,jeer
2387,jenneeeeee
2388,jenneeeeeeee
2389,jeopardise
2390,jeopardize
2391,jerk
2392,jewel
2393,jeweler
2394,jewelery
2395,jewelry
2396,jews
2397,jialing
2398,jibe
2399,jiggle
2400,jingle
2401,jittery
2402,jiu
2403,jiujiu
2404,job
2405,jog
2406,join
2407,joint
2408,joke
2409,jolt
2410,jostle
2411,jot
2412,journal
2413,journey
2414,jowl
2415,joy
2416,joylessness
2417,judge
2418,judgement
2419,judgment
2420,jug
2421,juggle
2422,juice
2423,juke
2424,jumble
2425,jump
2426,jumper
2427,jumping
2428,jumpy
2429,justify
2430,kaftan
2431,kaiser
2432,karaoke
2433,keep
2434,keeper
2435,keepsake
2436,kerchief
2437,key
2438,keyboard
2439,kick
2440,kid
2441,kidnap
2442,kidnapping
2443,kidney
2444,kill
2445,killer
2446,killing
2447,kilt
2448,kimono
2449,kin
2450,kind
2451,kindness
2452,king
2453,kinswoman
2454,kiss
2455,kit
2456,kitchen
2457,knack
2458,knapsack
2459,knee
2460,kneel
2461,kneeling
2462,kneepad
2463,knelt
2464,knife
2465,knit
2466,knitting
2467,knock
2468,knot
2469,know
2470,knowledge
2471,knowyou
2472,knuckle
2473,kodak
2474,kowtow
2475,labia
2476,labor
2477,lack
2478,ladle
2479,lady
2480,lain
2481,lair
2482,lake
2483,lament
2484,lamp
2485,land
2486,landlord
2487,landmark
2488,lane
2489,language
2490,lao
2491,lap
2492,lapse
2493,laptop
2494,lash
2495,last
2496,latch
2497,later
2498,laugh
2499,laughter
2500,launch
2501,launder
2502,laundry
2503,lavish
2504,law
2505,lawn
2506,lawyer
2507,lay
2508,layer
2509,lead
2510,leader
2511,leadership
2512,leaf
2513,leafs
2514,leak
2515,lean
2516,leap
2517,leapt
2518,learn
2519,leather
2520,leave
2521,leaving
2522,lecture
2523,leery
2524,left
2525,leftover
2526,leg
2527,legacy
2528,legging
2529,leisure
2530,lend
2531,lens
2532,lent
2533,leotard
2534,lesson
2535,let
2536,letter
2537,letting
2538,level
2539,library
2540,lick
2541,lid
2542,lie
2543,liebling
2544,life
2545,lifestyle
2546,lifetime
2547,lift
2548,light
2549,like
2550,liking
2551,lilong
2552,lily
2553,limb
2554,limit
2555,limp
2556,lindsey
2557,line
2558,ling
2559,linger
2560,lingering
2561,link
2562,lip
2563,lipstick
2564,lisp
2565,list
2566,listen
2567,literacy
2568,liu
2569,live
2570,livelihood
2571,living
2572,load
2573,loan
2574,loathe
2575,loathing
2576,lobby
2577,lobe
2578,locate
2579,location
2580,lock
2581,locker
2582,log
2583,logic
2584,loiter
2585,loll
2586,loneliness
2587,long
2588,longing
2589,longnu
2590,longue
2591,look
2592,looked
2593,loom
2594,loop
2595,loose
2596,loosen
2597,lop
2598,lope
2599,lord
2600,lose
2601,loss
2602,lot
2603,lounge
2604,love
2605,lovebird
2606,loveliness
2607,lovely
2608,lover
2609,loveyou
2610,lower
2611,loyalty
2612,lozenges
2613,luck
2614,lucke
2615,lucky
2616,lucy
2617,lug
2618,luggage
2619,lull
2620,lunch
2621,lung
2622,lunge
2623,lurch
2624,lure
2625,lurk
2626,lust
2627,luxuriate
2628,lyric
2629,macaroon
2630,machine
2631,mad
2632,mafan
2633,magazine
2634,magnanimity
2635,mah
2636,maid
2637,mail
2638,mailbox
2639,maintain
2640,majesty
2641,make
2642,makeup
2643,making
2644,malt
2645,mama
2646,man
2647,manage
2648,maneuver
2649,maneuvering
2650,manhandle
2651,manifest
2652,manipulate
2653,manner
2654,mantilla
2655,manzhen
2656,map
2657,marcel
2658,marcelle
2659,march
2660,mark
2661,market
2662,maroon
2663,marriage
2664,married
2665,marry
2666,marrying
2667,marshmallow
2668,martens
2669,marvel
2670,mascara
2671,mask
2672,mass
2673,massage
2674,master
2675,masturbate
2676,mat
2677,match
2678,matchmaking
2679,mate
2680,material
2681,materialize
2682,math
2683,matriculate
2684,matriculation
2685,matter
2686,mattress
2687,mature
2688,mauser
2689,may
2690,meal
2691,mean
2692,meander
2693,meaning
2694,meanness
2695,measure
2696,medication
2697,meet
2698,meeting
2699,mei
2700,melt
2701,member
2702,membership
2703,memorize
2704,memory
2705,mend
2706,menopausal
2707,mention
2708,mentor
2709,menu
2710,merge
2711,merry
2712,mesmerize
2713,mess
2714,message
2715,method
2716,mid
2717,middle
2718,midmotion
2719,midsection
2720,midterm
2721,might
2722,migrate
2723,milch
2724,milk
2725,mill
2726,mime
2727,mimic
2728,mimicked
2729,mince
2730,mind
2731,mine
2732,mini
2733,miniskirt
2734,ministration
2735,ministry
2736,mire
2737,mirror
2738,miscalculation
2739,miscarry
2740,misery
2741,misfortune
2742,misgiving
2743,misheard
2744,misjudge
2745,misread
2746,miss
2747,missing
2748,mission
2749,misspoke
2750,misspoken
2751,misstep
2752,mistake
2753,mistook
2754,mistreat
2755,mistreatment
2756,mistress
2757,mistrust
2758,misunderstand
2759,misunderstood
2760,mix
2761,mixture
2762,moan
2763,moaning
2764,mob
2765,mobile
2766,mock
2767,mode
2768,model
2769,modelesque
2770,modesty
2771,moist
2772,mold
2773,mole
2774,mom
2775,moment
2776,mommy
2777,money
2778,monie
2779,monitor
2780,monologue
2781,monstrous
2782,month
2783,mooch
2784,mood
2785,moor
2786,mop
2787,more
2788,morning
2789,mortgage
2790,mortify
2791,mortiﬁe
2792,mother
2793,motif
2794,motion
2795,motivate
2796,motivation
2797,motive
2798,motorbike
2799,mould
2800,mount
2801,mourn
2802,mouth
2803,mouthful
2804,move
2805,movement
2806,movie
2807,moy
2808,much
2809,muddle
2810,mug
2811,mull
2812,muller
2813,mumble
2814,mural
2815,murder
2816,murderer
2817,murmur
2818,muscle
2819,muse
2820,museum
2821,music
2822,musing
2823,musket
2824,must
2825,mustache
2826,muster
2827,mutter
2828,muttering
2829,mutti
2830,muzzle
2831,nag
2832,nail
2833,nainai
2834,naked
2835,nakedness
2836,name
2837,namesake
2838,nanking
2839,nanny
2840,nap
2841,nape
2842,napkin
2843,narrate
2844,narrow
2845,nasal
2846,natalya
2847,nation
2848,nationality
2849,nature
2850,nausea
2851,nauseate
2852,navel
2853,navigate
2854,navigation
2855,navy
2856,ne
2857,near
2858,nearness
2859,neat
2860,neck
2861,necklace
2862,neckline
2863,need
2864,needle
2865,needlework
2866,neglect
2867,negotiate
2868,negroni
2869,neighbor
2870,neighborhood
2871,nemisis
2872,nephew
2873,nerve
2874,nervous
2875,nervousness
2876,nest
2877,nestle
2878,net
2879,new
2880,news
2881,newspaper
2882,niang
2883,nicety
2884,nickname
2885,niece
2886,night
2887,nightclothe
2888,nightdress
2889,nightgown
2890,nightmare
2891,nightshirt
2892,ninety
2893,nip
2894,nipple
2895,nod
2896,nonchalance
2897,noodle
2898,nook
2899,noose
2900,nora
2901,nose
2902,nostril
2903,note
2904,notebook
2905,notepad
2906,notice
2907,notify
2908,notion
2909,nourish
2910,novel
2911,nude
2912,nudge
2913,numb
2914,number
2915,nurse
2916,nursery
2917,nurture
2918,nuzzle
2919,oath
2920,obedience
2921,obey
2922,object
2923,objection
2924,objective
2925,obligate
2926,obligation
2927,oblige
2928,obscure
2929,observation
2930,observe
2931,observer
2932,obsess
2933,obsession
2934,obstinacy
2935,obtain
2936,occasion
2937,occupy
2938,odious
2939,of
2940,ofende
2941,ofere
2942,offend
2943,offer
2944,offering
2945,office
2946,ogle
2947,ointment
2948,old
2949,oma
2950,omission
2951,one
2952,onlyborn
2953,opa
2954,open
2955,opening
2956,opera
2957,operate
2958,opine
2959,opinion
2960,opium
2961,opponent
2962,opportunity
2963,oppose
2964,opposite
2965,opposition
2966,opt
2967,optimism
2968,option
2969,orbit
2970,order
2971,ordinariness
2972,organ
2973,organize
2974,orgasm
2975,origin
2976,other
2977,ought
2978,out
2979,outburst
2980,outdo
2981,outfit
2982,outgoing
2983,outgrow
2984,outing
2985,outline
2986,outlive
2987,outmanoeuvre
2988,outnumber
2989,outrage
2990,outrun
2991,outstretche
2992,outward
2993,outwit
2994,outﬁts
2995,oval
2996,ovaltine
2997,ovary
2998,overall
2999,overcoat
3000,overcome
3001,overdose
3002,overdress
3003,overhead
3004,overhear
3005,overheard
3006,overheat
3007,overjoy
3008,overlap
3009,overlook
3010,overplay
3011,overpower
3012,overreach
3013,overreact
3014,overrun
3015,oversee
3016,oversight
3017,overstay
3018,overstep
3019,overtake
3020,overthink
3021,overwhelm
3022,overwhelmed
3023,overwork
3024,owe
3025,own
3026,oﬀ
3027,oﬀer
3028,oﬀere
3029,oﬃce
3030,oﬃcer
3031,pa
3032,pace
3033,pacify
3034,pack
3035,packing
3036,pact
3037,pad
3038,paddle
3039,page
3040,pail
3041,pain
3042,paint
3043,paintbox
3044,paintbrush
3045,painting
3046,pair
3047,pajama
3048,palace
3049,palanquin
3050,palate
3051,pale
3052,paleness
3053,paler
3054,palette
3055,pallet
3056,palm
3057,palpate
3058,palsy
3059,pan
3060,panic
3061,pant
3062,pantomime
3063,panty
3064,papa
3065,paper
3066,paperwork
3067,par
3068,parade
3069,paralyze
3070,paraphrase
3071,parcel
3072,parch
3073,pardon
3074,pare
3075,parent
3076,parenting
3077,park
3078,parlor
3079,parrot
3080,part
3081,participate
3082,participation
3083,parting
3084,partner
3085,partnership
3086,party
3087,pas
3088,pass
3089,passage
3090,passenger
3091,passion
3092,passive
3093,passport
3094,password
3095,past
3096,pasta
3097,paste
3098,pastry
3099,pat
3100,patch
3101,path
3102,patience
3103,patient
3104,patron
3105,paunch
3106,pause
3107,paw
3108,pawn
3109,pay
3110,payment
3111,peach
3112,peacoat
3113,pearl
3114,peck
3115,peculiarity
3116,pedal
3117,pediatrician
3118,pee
3119,peed
3120,peek
3121,peel
3122,peep
3123,peer
3124,peg
3125,peiqin
3126,pekingese
3127,pelt
3128,pelvis
3129,pen
3130,pencil
3131,pendant
3132,penetrate
3133,penis
3134,penmanship
3135,pension
3136,people
3137,pepper
3138,perception
3139,perch
3140,perfect
3141,perfection
3142,perform
3143,performance
3144,perfume
3145,period
3146,peripheral
3147,perish
3148,perk
3149,permission
3150,permit
3151,perplex
3152,persecute
3153,persevere
3154,persist
3155,persistence
3156,person
3157,personality
3158,perspective
3159,persuade
3160,peruse
3161,pester
3162,pet
3163,petal
3164,pete
3165,petticoat
3166,pflediatrician
3167,phase
3168,phobia
3169,phone
3170,photo
3171,photograph
3172,photographer
3173,physician
3174,pi
3175,piano
3176,piccolo
3177,pick
3178,picket
3179,pickle
3180,picnic
3181,picture
3182,pidgin
3183,piece
3184,pierce
3185,pigtail
3186,pigu
3187,pile
3188,pill
3189,pillow
3190,pillowcase
3191,pimple
3192,pin
3193,pinafore
3194,pinch
3195,ping
3196,pinkie
3197,pinky
3198,pinpoint
3199,pip
3200,pipa
3201,pipe
3202,piping
3203,pique
3204,pirouette
3205,piss
3206,pistol
3207,pitch
3208,pity
3209,pivot
3210,placate
3211,place
3212,plague
3213,plait
3214,plan
3215,plane
3216,planning
3217,plant
3218,plate
3219,play
3220,player
3221,playfulness
3222,playing
3223,playroom
3224,playwright
3225,plea
3226,plead
3227,please
3228,pleasure
3229,plenty
3230,plod
3231,plop
3232,plot
3233,plow
3234,ploy
3235,pluck
3236,plug
3237,plummet
3238,plump
3239,plunge
3240,ply
3241,pocket
3242,pocketbook
3243,poem
3244,poet
3245,poetry
3246,point
3247,pointing
3248,poise
3249,poison
3250,poke
3251,policewoman
3252,policy
3253,polish
3254,politic
3255,polo
3256,poncho
3257,ponder
3258,pony
3259,ponytail
3260,poorly
3261,pop
3262,pops
3263,popular
3264,popularity
3265,pore
3266,pork
3267,port
3268,portal
3269,porter
3270,portfolio
3271,portion
3272,portrait
3273,portray
3274,pose
3275,position
3276,possess
3277,possession
3278,possibility
3279,post
3280,posture
3281,posturing
3282,pot
3283,potato
3284,pouch
3285,pouf
3286,pounce
3287,pound
3288,pour
3289,powder
3290,power
3291,powerlessness
3292,practice
3293,praise
3294,pram
3295,prance
3296,prattle
3297,pray
3298,prayer
3299,preach
3300,precaution
3301,precede
3302,precious
3303,predicament
3304,predict
3305,preempt
3306,preen
3307,prefer
3308,preference
3309,pregnancy
3310,pregnant
3311,prepare
3312,preppe
3313,presence
3314,present
3315,presentation
3316,press
3317,pressure
3318,presume
3319,presumption
3320,pretend
3321,pretty
3322,prevail
3323,prevent
3324,prey
3325,price
3326,prick
3327,prickle
3328,pride
3329,prince
3330,princeling
3331,princess
3332,principle
3333,print
3334,priority
3335,prison
3336,privacy
3337,private
3338,prize
3339,probe
3340,problem
3341,procedure
3342,proceed
3343,process
3344,proclaim
3345,proctor
3346,procure
3347,prod
3348,produce
3349,profession
3350,professionalism
3351,professor
3352,proffer
3353,proficiency
3354,profile
3355,program
3356,progress
3357,project
3358,projection
3359,prolong
3360,promise
3361,promote
3362,prompt
3363,pronounce
3364,pronunciation
3365,prop
3366,propagate
3367,propel
3368,property
3369,proportion
3370,proposal
3371,propose
3372,prospect
3373,prostitute
3374,protagonist
3375,protect
3376,protection
3377,protest
3378,protestation
3379,protégé
3380,proud
3381,prove
3382,provide
3383,provocative
3384,provoke
3385,prowess
3386,prowl
3387,proﬁle
3388,prune
3389,pry
3390,psychiatrist
3391,psychoanalyze
3392,puberty
3393,public
3394,publish
3395,pucker
3396,puff
3397,pull
3398,pulse
3399,pummel
3400,pump
3401,punch
3402,punctuate
3403,punish
3404,punishment
3405,pupil
3406,purchase
3407,purge
3408,purpose
3409,purposeful
3410,purse
3411,pursue
3412,pursuer
3413,pursuit
3414,push
3415,put
3416,puzzle
3417,puzzlement
3418,pyjama
3419,qi
3420,qijie
3421,qipao
3422,qipflo
3423,quake
3424,qualify
3425,quality
3426,quandary
3427,quarrel
3428,quarry
3429,quarter
3430,quaver
3431,quell
3432,query
3433,quest
3434,question
3435,quicken
3436,quickness
3437,quilt
3438,quip
3439,quirk
3440,quit
3441,quiz
3442,quote
3443,race
3444,racing
3445,rack
3446,radiance
3447,radiate
3448,radiating
3449,radio
3450,radish
3451,rag
3452,rage
3453,rageful
3454,rail
3455,rainbow
3456,raincoat
3457,raise
3458,rake
3459,rally
3460,ram
3461,ramble
3462,rambling
3463,rang
3464,rank
3465,rant
3466,rap
3467,rape
3468,rash
3469,rasp
3470,raspy
3471,ration
3472,rattle
3473,rave
3474,ravel
3475,re
3476,reach
3477,react
3478,reaction
3479,read
3480,readie
3481,readiness
3482,reading
3483,readjust
3484,ready
3485,realise
3486,reality
3487,realize
3488,really
3489,realm
3490,reappear
3491,reapplie
3492,rear
3493,rearrange
3494,reason
3495,reasoning
3496,reassess
3497,reassure
3498,reattach
3499,rebel
3500,rebellion
3501,rebound
3502,rebuf
3503,rebuff
3504,rebuke
3505,rebuttone
3506,recall
3507,recast
3508,receipt
3509,receive
3510,recharge
3511,recipe
3512,reciprocate
3513,recital
3514,recitation
3515,recite
3516,reckoning
3517,reclaim
3518,recline
3519,recognise
3520,recognize
3521,recoil
3522,recommend
3523,reconcile
3524,reconnect
3525,reconnecte
3526,record
3527,recount
3528,recover
3529,recovery
3530,recruit
3531,recuperation
3532,red
3533,redden
3534,redirect
3535,reduce
3536,reel
3537,reestablish
3538,refastene
3539,refer
3540,reference
3541,refill
3542,reflction
3543,reflect
3544,reflection
3545,reflex
3546,reflxe
3547,refocus
3548,refold
3549,refolde
3550,reform
3551,refrain
3552,refresh
3553,refurbish
3554,refusal
3555,refuse
3556,regain
3557,regard
3558,register
3559,regret
3560,regular
3561,rehearse
3562,reignite
3563,rein
3564,reincarnation
3565,reinforcement
3566,reinveste
3567,reject
3568,rejection
3569,rejoin
3570,relapse
3571,relate
3572,relation
3573,relationship
3574,relative
3575,relax
3576,relaxed
3577,relay
3578,release
3579,relent
3580,reliability
3581,relief
3582,relieve
3583,relinquish
3584,relish
3585,relive
3586,reload
3587,relocate
3588,reluctance
3589,reluctant
3590,rely
3591,remade
3592,remain
3593,remained
3594,remake
3595,remark
3596,remarry
3597,remember
3598,remind
3599,reminder
3600,remove
3601,rename
3602,rend
3603,render
3604,renew
3605,rent
3606,rental
3607,reorganize
3608,repair
3609,reparation
3610,repartee
3611,repast
3612,repay
3613,repeat
3614,rephrase
3615,replace
3616,replay
3617,replies
3618,reply
3619,report
3620,reposition
3621,represent
3622,representative
3623,repress
3624,reprimand
3625,reproach
3626,reproof
3627,repulse
3628,reputation
3629,request
3630,require
3631,reread
3632,rescue
3633,research
3634,resemble
3635,resent
3636,resentment
3637,reservation
3638,reserve
3639,reside
3640,residence
3641,resident
3642,resign
3643,resignation
3644,resist
3645,resistance
3646,resolution
3647,resolve
3648,resort
3649,resource
3650,respect
3651,respiration
3652,respond
3653,response
3654,responsibility
3655,rest
3656,restaurant
3657,restive
3658,restlessness
3659,restore
3660,restrain
3661,result
3662,resume
3663,resurface
3664,resurrect
3665,retain
3666,retaliate
3667,retch
3668,retching
3669,retie
3670,retire
3671,retort
3672,retrace
3673,retreat
3674,retrieve
3675,return
3676,reunion
3677,reunite
3678,reveal
3679,revel
3680,revere
3681,reverie
3682,reverse
3683,revert
3684,review
3685,revise
3686,revisit
3687,revive
3688,revolution
3689,reward
3690,reﬁlle
3691,reﬁne
3692,rhetoric
3693,rhododendron
3694,rib
3695,ribbon
3696,ribcage
3697,rice
3698,rich
3699,rickshaw
3700,rid
3701,riddle
3702,ride
3703,rider
3704,ridicule
3705,riffle
3706,rifld
3707,right
3708,ring
3709,rinse
3710,rip
3711,rise
3712,risk
3713,rival
3714,roam
3715,roar
3716,roast
3717,rob
3718,robe
3719,robin
3720,rock
3721,rod
3722,role
3723,roll
3724,romance
3725,romy
3726,roof
3727,room
3728,roommate
3729,root
3730,rosalind
3731,rosebud
3732,rotate
3733,rouge
3734,round
3735,roundhouse
3736,rouse
3737,route
3738,routine
3739,row
3740,royalty
3741,rub
3742,rucksack
3743,ruddy
3744,rudeness
3745,ruffle
3746,rug
3747,ruin
3748,rule
3749,rummage
3750,rump
3751,run
3752,ruse
3753,rush
3754,russian
3755,s
3756,sabotage
3757,sack
3758,sacrifice
3759,sacriﬁce
3760,sacrum
3761,sad
3762,sadden
3763,saddle
3764,saddlebag
3765,sadness
3766,safeguard
3767,safety
3768,sag
3769,saga
3770,said
3771,sail
3772,sailboat
3773,sake
3774,salary
3775,saliva
3776,salivate
3777,salon
3778,salute
3779,salvage
3780,salvation
3781,sam
3782,sampan
3783,sample
3784,sanctuary
3785,sandal
3786,sandwich
3787,sanity
3788,sap
3789,sarcasm
3790,sashay
3791,sat
3792,satchel
3793,satin
3794,satisfaction
3795,satisfy
3796,satisﬁed
3797,saucer
3798,saunter
3799,save
3800,saving
3801,savior
3802,savor
3803,savour
3804,saw
3805,say
3806,saying
3807,scald
3808,scale
3809,scaling
3810,scallop
3811,scalp
3812,scan
3813,scar
3814,scare
3815,scared
3816,scarf
3817,scarlet
3818,scatter
3819,scene
3820,scent
3821,schatz
3822,schedule
3823,scheme
3824,scholarship
3825,school
3826,schoolbook
3827,schooling
3828,schoolmaster
3829,schoolmate
3830,schoolwork
3831,scissor
3832,scofe
3833,scoff
3834,scold
3835,scolding
3836,scoliosis
3837,scone
3838,scoop
3839,scoot
3840,scooter
3841,score
3842,scorn
3843,scour
3844,scout
3845,scowl
3846,scrabble
3847,scramble
3848,scrap
3849,scrape
3850,scratch
3851,scream
3852,screen
3853,screw
3854,scribble
3855,scribbling
3856,script
3857,scroll
3858,scrub
3859,scrunch
3860,scrutinise
3861,scrutinize
3862,scurry
3863,scuttle
3864,seal
3865,search
3866,searching
3867,seat
3868,second
3869,secret
3870,secretary
3871,secure
3872,seduce
3873,see
3874,seed
3875,seek
3876,seem
3877,seethe
3878,seize
3879,seizure
3880,select
3881,selection
3882,self
3883,selfishness
3884,sell
3885,semester
3886,seminar
3887,send
3888,senior
3889,sens
3890,sense
3891,sensei
3892,sentence
3893,sentiment
3894,separate
3895,sequester
3896,serenade
3897,servant
3898,serve
3899,service
3900,serviette
3901,set
3902,setting
3903,settle
3904,seventy
3905,sew
3906,sewing
3907,sex
3908,shade
3909,shadow
3910,shake
3911,shaky
3912,sham
3913,shame
3914,shanghai
3915,shanghainese
3916,shape
3917,share
3918,shark
3919,sharpening
3920,shatter
3921,shave
3922,shawl
3923,sheath
3924,shed
3925,sheet
3926,shelf
3927,shell
3928,shelter
3929,shield
3930,shielding
3931,shift
3932,shimmer
3933,shimmy
3934,shimmying
3935,shin
3936,shine
3937,ship
3938,shirt
3939,shirtsleeve
3940,shirttail
3941,shirtwaist
3942,shit
3943,shiver
3944,shock
3945,shoe
3946,shoetip
3947,shoo
3948,shoot
3949,shop
3950,shopping
3951,shore
3952,short
3953,shortcoming
3954,shorten
3955,shot
3956,should
3957,shoulder
3958,shouldn
3959,shout
3960,shove
3961,shovel
3962,show
3963,shower
3964,shre
3965,shred
3966,shriek
3967,shrieking
3968,shrillness
3969,shrink
3970,shrug
3971,shudder
3972,shuffle
3973,shun
3974,shunt
3975,shush
3976,shut
3977,shu田ed
3978,shuﬄed
3979,shy
3980,shyness
3981,sible
3982,sibling
3983,sick
3984,sicken
3985,sicko
3986,side
3987,sideline
3988,sidestep
3989,sideway
3990,sift
3991,sigh
3992,sighing
3993,sight
3994,sightseeing
3995,sign
3996,signal
3997,signature
3998,silence
3999,silently
4000,silhouette
4001,silk
4002,silver
4003,simmer
4004,simper
4005,simpering
4006,sin
4007,sincerity
4008,sing
4009,singe
4010,singer
4011,singing
4012,single
4013,sink
4014,sinus
4015,sip
4016,sister
4017,sit
4018,sitcom
4019,sitting
4020,situate
4021,situation
4022,size
4023,skate
4024,skeleton
4025,sketch
4026,sketchbook
4027,sketching
4028,sketchpad
4029,skewer
4030,skid
4031,skill
4032,skim
4033,skin
4034,skip
4035,skirt
4036,skitter
4037,skull
4038,sky
4039,slack
4040,slacken
4041,slam
4042,slang
4043,slap
4044,slaughter
4045,slave
4046,sleep
4047,sleepwalk
4048,sleepy
4049,sleeve
4050,sleight
4051,slender
4052,sleuthing
4053,slice
4054,slide
4055,sling
4056,slink
4057,slip
4058,slipper
4059,slipping
4060,slit
4061,slither
4062,sloppiness
4063,slot
4064,slow
4065,slump
4066,slunk
4067,slur
4068,slurp
4069,slut
4070,smack
4071,small
4072,smart
4073,smash
4074,smear
4075,smell
4076,smile
4077,smiling
4078,smirk
4079,smoke
4080,smoking
4081,smooth
4082,smother
4083,smuggle
4084,snack
4085,snag
4086,snap
4087,snapshot
4088,snarl
4089,snatch
4090,sneak
4091,sneaker
4092,sneer
4093,sneeze
4094,snicker
4095,snife
4096,sniff
4097,sniffle
4098,snip
4099,sniﬀed
4100,snoop
4101,snooping
4102,snooze
4103,snore
4104,snoring
4105,snort
4106,snufe
4107,snuggle
4108,soak
4109,soap
4110,soar
4111,sob
4112,sobbing
4113,sober
4114,sobriety
4115,socialism
4116,sock
4117,socket
4118,sofa
4119,soften
4120,softness
4121,soil
4122,sol
4123,sole
4124,solitude
4125,solo
4126,solution
4127,solve
4128,something
4129,son
4130,song
4131,sooooo
4132,soothe
4133,sop
4134,sophisticated
4135,sorrow
4136,sorry
4137,sort
4138,soul
4139,sound
4140,soup
4141,soupspoon
4142,sour
4143,source
4144,sow
4145,space
4146,spanish
4147,spank
4148,spar
4149,spare
4150,sparkle
4151,spasm
4152,spat
4153,speak
4154,speaking
4155,special
4156,specialize
4157,specialty
4158,specify
4159,speculate
4160,speech
4161,speechless
4162,speed
4163,spell
4164,spend
4165,spending
4166,spew
4167,spill
4168,spin
4169,spine
4170,spirit
4171,spit
4172,spite
4173,splash
4174,splay
4175,spleen
4176,split
4177,splotchy
4178,splutter
4179,spoil
4180,spoke
4181,sponsor
4182,sponsorship
4183,spook
4184,spoon
4185,sport
4186,spot
4187,spout
4188,sprawl
4189,spray
4190,spread
4191,spring
4192,sprint
4193,sprout
4194,sputter
4195,spy
4196,squad
4197,squander
4198,square
4199,squat
4200,squawk
4201,squeak
4202,squeal
4203,squeeze
4204,squint
4205,squirm
4206,squish
4207,stab
4208,stabilize
4209,stable
4210,stack
4211,staf
4212,staff
4213,stage
4214,stagger
4215,stain
4216,stair
4217,stake
4218,stalk
4219,stall
4220,stammer
4221,stamp
4222,stand
4223,standard
4224,standing
4225,star
4226,stare
4227,start
4228,startle
4229,starve
4230,stash
4231,state
4232,stateless
4233,statement
4234,station
4235,statue
4236,stature
4237,status
4238,stay
4239,stead
4240,steady
4241,steal
4242,stealing
4243,steam
4244,steel
4245,steep
4246,steer
4247,step
4248,stepbrother
4249,stepfather
4250,stepson
4251,stick
4252,stifene
4253,stiff
4254,stiffen
4255,stiffly
4256,stifld
4257,stifle
4258,stilettos
4259,still
4260,stimulate
4261,sting
4262,stink
4263,stint
4264,stipend
4265,stir
4266,stirring
4267,stitch
4268,stiﬀen
4269,stiﬀene
4270,stiﬂe
4271,stlike
4272,stock
4273,stocking
4274,stole
4275,stomach
4276,stomachache
4277,stomp
4278,stood
4279,stool
4280,stoop
4281,stop
4282,stoppage
4283,store
4284,storm
4285,story
4286,straddle
4287,straighten
4288,strain
4289,stranger
4290,strangle
4291,strap
4292,strategy
4293,stray
4294,stream
4295,street
4296,strength
4297,strengthen
4298,stress
4299,stretch
4300,stretcher
4301,stricken
4302,stride
4303,strike
4304,string
4305,stringer
4306,strip
4307,strive
4308,stroke
4309,stroll
4310,stroller
4311,struggle
4312,strum
4313,stub
4314,student
4315,studio
4316,study
4317,stuff
4318,stumble
4319,stump
4320,stun
4321,stung
4322,stupid
4323,stutter
4324,stuﬀed
4325,style
4326,styling
4327,subconscious
4328,subdue
4329,subject
4330,submerge
4331,submissive
4332,submit
4333,subside
4334,succeed
4335,success
4336,succumb
4337,suck
4338,sufere
4339,sufering
4340,suffer
4341,suffering
4342,suffocate
4343,suffocation
4344,suggest
4345,suggestion
4346,suicide
4347,suit
4348,suitcase
4349,suite
4350,suitor
4351,sulk
4352,sully
4353,sum
4354,summarize
4355,summary
4356,summon
4357,sun
4358,sundress
4359,sunglass
4360,sunny
4361,sunset
4362,sunshine
4363,sunﬁowers
4364,superior
4365,superstition
4366,supervise
4367,supervisor
4368,supper
4369,supplant
4370,supplement
4371,supply
4372,support
4373,suppose
4374,suppress
4375,sure
4376,surfing
4377,surge
4378,surname
4379,surpass
4380,surprise
4381,surprising
4382,surrender
4383,surround
4384,surrounding
4385,survey
4386,survival
4387,survive
4388,suspect
4389,suspend
4390,suspicion
4391,sustain
4392,sustenance
4393,suﬀere
4394,suﬀocate
4395,swaddle
4396,swallow
4397,swam
4398,swamp
4399,swap
4400,swarm
4401,swat
4402,sway
4403,swear
4404,sweat
4405,sweater
4406,sweatpant
4407,sweatshirt
4408,sweep
4409,sweetheart
4410,swell
4411,swelter
4412,swerve
4413,swim
4414,swimsuit
4415,swing
4416,swinging
4417,swipe
4418,swish
4419,switch
4420,swivel
4421,swoon
4422,swoop
4423,sword
4424,sympathetic
4425,sympathize
4426,sympathy
4427,symptom
4428,synapsis
4429,synchronize
4430,system
4431,ta
4432,tab
4433,table
4434,tablet
4435,tabletop
4436,tack
4437,tackle
4438,tactic
4439,tag
4440,tail
4441,tailor
4442,take
4443,tale
4444,talent
4445,talk
4446,tall
4447,tally
4448,tame
4449,tamp
4450,tan
4451,tante
4452,tantrum
4453,tap
4454,tape
4455,target
4456,tarry
4457,tart
4458,task
4459,taste
4460,taunt
4461,taut
4462,tea
4463,teach
4464,teacher
4465,teaching
4466,teacup
4467,team
4468,teammate
4469,teapot
4470,tear
4471,teary
4472,tease
4473,teasing
4474,technique
4475,teem
4476,teeter
4477,telegram
4478,telegraph
4479,telephone
4480,tell
4481,temper
4482,temperament
4483,temperature
4484,temple
4485,tempt
4486,tenacity
4487,tend
4488,tense
4489,tension
4490,tentative
4491,term
4492,terminate
4493,terrify
4494,territory
4495,terriﬁe
4496,terror
4497,test
4498,testimony
4499,tether
4500,text
4501,textbook
4502,texte
4503,texted
4504,thank
4505,thaw
4506,theory
4507,thermo
4508,thicken
4509,thigh
4510,thin
4511,thing
4512,think
4513,thinking
4514,thirst
4515,thirsty
4516,thirty
4517,thought
4518,thoughtfulness
4519,thoughtlessness
4520,thread
4521,threat
4522,threaten
4523,thrill
4524,thrive
4525,throat
4526,throb
4527,throbbing
4528,through
4529,throw
4530,thrust
4531,thudding
4532,thumb
4533,thumbnail
4534,thump
4535,thwart
4536,tick
4537,ticket
4538,tickle
4539,tide
4540,tidy
4541,tie
4542,tiger
4543,tight
4544,tighten
4545,tile
4546,tilt
4547,time
4548,timid
4549,timing
4550,tip
4551,tiptoe
4552,tirade
4553,tired
4554,tit
4555,title
4556,to
4557,toast
4558,toddle
4559,toe
4560,toenail
4561,toil
4562,toilette
4563,tolerate
4564,tolstoy
4565,tone
4566,tongue
4567,tooth
4568,top
4569,topic
4570,topple
4571,torment
4572,tormentor
4573,torso
4574,torture
4575,torvald
4576,toss
4577,totter
4578,tottering
4579,touch
4580,toughen
4581,tour
4582,tow
4583,towel
4584,tower
4585,town
4586,townsman
4587,toy
4588,trace
4589,track
4590,trade
4591,tradition
4592,traffic
4593,tragedy
4594,trail
4595,train
4596,trainer
4597,training
4598,traipse
4599,trample
4600,trance
4601,transfer
4602,transform
4603,transformation
4604,transition
4605,translate
4606,translator
4607,transport
4608,trap
4609,trash
4610,travel
4611,traveler
4612,traverse
4613,tray
4614,tread
4615,treasure
4616,treasury
4617,treat
4618,treatment
4619,treaty
4620,tree
4621,trek
4622,tremble
4623,trembling
4624,trespass
4625,tress
4626,triale
4627,triangular
4628,trick
4629,trill
4630,trimester
4631,trip
4632,triumph
4633,trod
4634,troop
4635,trot
4636,trouble
4637,trouser
4638,trousseau
4639,truck
4640,trudge
4641,trump
4642,trunk
4643,trust
4644,truth
4645,try
4646,tsai
4647,tuck
4648,tug
4649,tuition
4650,tumble
4651,tummy
4652,tune
4653,tunic
4654,tunnel
4655,turmoil
4656,turn
4657,turquoise
4658,turtleneck
4659,tussle
4660,tutelage
4661,tutor
4662,tutte
4663,tv
4664,twenty
4665,twin
4666,twirl
4667,twist
4668,twisted
4669,twisting
4670,twitch
4671,type
4672,tzedakah
4673,ultimatum
4674,umbrella
4675,unbidden
4676,unbinding
4677,unburden
4678,unbutton
4679,uncertainty
4680,unclasp
4681,uncle
4682,unclip
4683,uncomfortable
4684,unconscious
4685,uncurl
4686,underarm
4687,underclothe
4688,underestimate
4689,underline
4690,underpant
4691,undershirt
4692,understand
4693,understanding
4694,understatement
4695,undertake
4696,underthing
4697,undertone
4698,underwear
4699,underworld
4700,undo
4701,undress
4702,undressed
4703,unearth
4704,unease
4705,uneasy
4706,unfaze
4707,unfettered
4708,unflinche
4709,unfold
4710,unfurl
4711,unfurls
4712,ungainliness
4713,unglue
4714,unhappiness
4715,unharme
4716,unhear
4717,unhook
4718,uniform
4719,unit
4720,unknotte
4721,unknow
4722,unlace
4723,unlatche
4724,unload
4725,unlock
4726,unmoore
4727,unnerve
4728,unpack
4729,unpopularity
4730,unravel
4731,unroll
4732,unscramble
4733,unsettle
4734,unsheathe
4735,unsurprise
4736,untangle
4737,untethere
4738,unthinke
4739,untie
4740,untraine
4741,untwist
4742,unwavering
4743,unwelcome
4744,unwind
4745,unwound
4746,unwrap
4747,unzip
4748,up
4749,upbringing
4750,update
4751,upend
4752,upright
4753,upset
4754,upstage
4755,upstairs
4756,urge
4757,urgency
4758,urging
4759,use
4760,useful
4761,usher
4762,usurp
4763,uterus
4764,utter
4765,v
4766,vacant
4767,vacate
4768,vacation
4769,vaccine
4770,vagin
4771,vagina
4772,vague
4773,valise
4774,valuable
4775,value
4776,vanish
4777,vanished
4778,vanity
4779,vas
4780,vase
4781,veer
4782,vegetable
4783,vehemence
4784,veil
4785,vein
4786,venerable
4787,vent
4788,ventriloquism
4789,venture
4790,verdict
4791,verify
4792,vern
4793,verse
4794,version
4795,vertebrfl
4796,vibrate
4797,victimize
4798,view
4799,vigil
4800,vigilance
4801,villa
4802,village
4803,vineyard
4804,violate
4805,violet
4806,virginity
4807,virtue
4808,visa
4809,vision
4810,visit
4811,visitor
4812,visor
4813,visualise
4814,visualize
4815,vividness
4816,vocabulary
4817,vodka
4818,vogues
4819,voice
4820,volition
4821,volume
4822,volunteer
4823,vomit
4824,vote
4825,vouch
4826,vow
4827,vpn
4828,vulnerability
4829,vulnerable
4830,vulva
4831,w
4832,wad
4833,wade
4834,wag
4835,wager
4836,wail
4837,wailing
4838,waipo
4839,waist
4840,waistband
4841,waistline
4842,wait
4843,waiting
4844,wake
4845,walk
4846,walking
4847,wall
4848,wallet
4849,wallow
4850,waltz
4851,wanchee
4852,wander
4853,wandering
4854,wanna
4855,want
4856,wanted
4857,ward
4858,warden
4859,wardrobe
4860,wariness
4861,warm
4862,warmth
4863,warn
4864,warning
4865,wash
4866,washerwoman
4867,waste
4868,wastebasket
4869,watch
4870,watching
4871,water
4872,watercolor
4873,watercolour
4874,waterfront
4875,waterway
4876,wave
4877,waver
4878,way
4879,weak
4880,weaken
4881,weakly
4882,weakness
4883,wealth
4884,weapon
4885,wear
4886,wearing
4887,weary
4888,weather
4889,weave
4890,web
4891,website
4892,wedding
4893,wedge
4894,week
4895,weep
4896,weigh
4897,weight
4898,welcome
4899,welfare
4900,well
4901,wept
4902,westerner
4903,wet
4904,what
4905,wheedle
4906,wheel
4907,wheeze
4908,whereabout
4909,whereabouts
4910,which
4911,whim
4912,whimper
4913,whine
4914,whip
4915,whirl
4916,whisk
4917,whisked
4918,whisper
4919,whispering
4920,whistle
4921,white
4922,whole
4923,whore
4924,widen
4925,widow
4926,wield
4927,wife
4928,wiggle
4929,wilhelm
4930,will
4931,willingness
4932,willowy
4933,wilt
4934,win
4935,wince
4936,wind
4937,window
4938,windowsill
4939,windowtsosotee
4940,wine
4941,wineglass
4942,wing
4943,wink
4944,winning
4945,wipe
4946,wire
4947,wish
4948,wit
4949,withdraw
4950,withdrawal
4951,withhold
4952,withstand
4953,witness
4954,witticism
4955,wizardry
4956,wobble
4957,woe
4958,wolfs
4959,woman
4960,womb
4961,wonder
4962,woo
4963,wood
4964,woozy
4965,word
4966,work
4967,workbook
4968,worker
4969,workload
4970,workspace
4971,worktable
4972,world
4973,worry
4974,worship
4975,worth
4976,would
4977,wouldn
4978,wound
4979,wove
4980,wrap
4981,wrapper
4982,wrath
4983,wreck
4984,wrench
4985,wrest
4986,wrestle
4987,wriggle
4988,wring
4989,wrinkle
4990,wrinkling
4991,wrist
4992,wristwatch
4993,write
4994,writhe
4995,writhing
4996,writing
4997,wrong
4998,xi
4999,xiao
5000,yang
5001,yank
5002,yaoje
5003,yard
5004,yawn
5005,yay
5006,year
5007,yearbook
5008,yearn
5009,yearning
5010,yell
5011,yellow
5012,yelp
5013,yen
5014,yes
5015,yin
5016,yip
5017,yoga
5018,yogurt
5019,yoko
5020,yorker
5021,your
5022,youth
5023,yu
5024,yuan
5025,yuliang
5026,zeal
5027,zhou
5028,zip
5029,zone
5030,éclair
5031,ﬁaunt
5032,ﬁddle
5033,ﬁdgete
5034,ﬁercely
5035,ﬁght
5036,ﬁghting
5037,ﬁgure
5038,ﬁle
5039,ﬁll
5040,ﬁlle
5041,ﬁlm
5042,ﬁnalize
5043,ﬁnd
5044,ﬁne
5045,ﬁnger
5046,ﬁngere
5047,ﬁngernail
5048,ﬁngertip
5049,ﬁnish
5050,ﬁnishe
5051,ﬁre
5052,ﬁrst
5053,ﬁshe
5054,ﬁst
5055,ﬁt
5056,ﬁtte
5057,ﬁx
5058,ﬁxe
5059,ﬂagon
5060,ﬂe
5061,ﬂed
5062,ﬂex
5063,ﬂicke
5064,ﬂight
5065,ﬂinch
5066,ﬂinche
5067,ﬂippe
5068,ﬂoate
5069,ﬂoode
5070,ﬂoor
5071,ﬂoppe
5072,ﬂummoxe
5073,ﬂung
5074,ﬂushe
5075,ﬂutter
