word,cluster
aaron,405
aat,197
abandon,244
abdomen,11
abduct,343
abduction,178
abductor,343
abhor,281
abide,372
ability,63
abruptness,501
absence,75
absolve,300
absorb,280
absorption,383
abuse,244
accent,29
accept,288
access,390
accessory,462
accident,61
acclimate,283
accommodate,178
accommodation,30
accompany,332
accomplice,92
accomplish,271
accomplishment,118
accost,504
account,192
accusation,178
accuse,346
accuser,282
accusing,462
accustom,21
ace,166
ache,177
achieve,379
achievement,130
acknowledge,118
acquaintance,118
acquire,269
acquisition,30
acquit,301
act,258
acting,258
action,390
activate,38
activity,32
actress,85
ad,214
adam,439
add,459
addiction,41
addition,24
address,383
adhere,12
adjust,459
adler,182
administer,311
admiration,49
admire,288
admit,18
admonish,281
adolescence,329
adopt,462
adore,372
adorn,372
adrenaline,49
adult,410
advance,48
advantage,48
adventure,106
adventurous,51
advertise,282
advertisement,332
advice,222
advise,1
advisor,461
advocate,108
afecte,283
afection,283
affair,306
affect,415
affection,287
afford,178
affront,54
aford,62
afraid,462
afternoon,476
agape,511
age,422
agenda,32
agent,415
aggression,193
aggressive,152
agitate,272
agitation,244
agonize,272
agony,96
agree,311
agreement,224
aicke,113
aid,232
aim,73
ainche,419
aisle,280
alarm,15
album,129
alcohol,392
alcove,92
alert,136
algebra,24
alibi,511
alice,405
alight,21
allergy,197
alley,23
alleyway,221
alliance,106
allow,379
allowance,61
ally,0
alone,56
along,24
aloofness,395
aloud,29
altar,362
alter,462
alternate,435
amah,262
amaze,262
amazement,15
amazing,509
ambition,397
ambivalence,493
amend,306
american,235
ammunition,30
amount,415
amuse,249
amusement,49
amusing,509
analysis,312
analyst,108
analyze,346
ancestor,156
ancestry,463
anger,49
angle,40
angriest,511
angry,49
anguish,287
animation,130
ankle,112
announce,269
annoy,464
annoyance,193
answer,288
antic,504
anticipate,377
anus,511
anxiety,501
anxious,287
apartment,199
apathy,323
ape,182
apologise,120
apologize,311
apology,143
appal,504
appeal,1
appear,137
appearance,228
appetite,193
apple,191
application,214
apply,245
appointment,61
appraisal,314
appraise,31
appreciate,118
appreciation,222
apprentice,148
approach,32
approval,29
approve,311
approximation,312
apron,330
aptitude,404
arch,362
archer,439
arena,345
argue,379
argument,214
arm,112
armband,79
armoire,460
armor,148
armory,362
armpit,421
arouse,66
arrange,142
arrest,1
arrival,427
arrive,427
arrived,427
arse,197
art,95
article,129
articulate,181
artist,85
artwork,213
ascend,128
ascent,390
ash,439
ashamed,49
ask,351
asked,351
asking,351
asleep,485
aspect,41
aspire,62
ass,220
assail,37
assailant,337
assault,1
assemble,3
assert,346
assess,459
assessment,312
asset,192
assign,459
assignment,61
assist,302
assistant,108
associate,335
association,323
assume,503
assumption,289
assurance,143
assure,118
asthma,332
astonish,285
astonishment,15
astound,511
ate,99
atone,262
atrocity,66
attach,346
attachment,397
attack,137
attacker,232
attain,306
attempt,178
attend,379
attendance,30
attendant,461
attention,280
attire,43
attitude,397
attorney,273
attract,346
attraction,345
attractive,509
attribute,192
attune,511
audacity,493
audience,260
audition,51
aunt,101
auntie,98
auricle,167
austine,238
aute,380
authority,390
authorize,10
auttere,511
available,223
avenge,135
avert,249
avoid,271
await,346
awake,485
awaken,464
awakening,118
award,19
aware,118
awareness,244
awe,15
awkward,49
awkwardness,501
awry,116
aﬀord,28
aﬄicte,28
ba,156
baba,182
babble,212
baby,147
babysat,419
back,166
backache,59
background,213
backhand,60
backing,462
backpack,330
backside,11
backtrack,203
backwards,383
bad,253
badger,437
baffle,66
bag,497
baggage,383
baguette,420
bait,193
bake,321
bakehouse,321
balance,397
balcony,132
balk,59
ball,141
balm,197
band,51
bandage,148
bandanna,79
bang,482
banish,71
bank,461
banker,461
bankrupt,43
banquet,375
bao,115
baobei,363
bar,141
barb,282
barbies,238
bare,298
bargain,280
bargaining,382
barge,43
bark,147
barrack,98
barrel,41
barrenness,56
base,48
bask,59
basket,437
bat,182
bath,199
bathe,419
bathroom,199
bathtub,215
batter,462
battery,191
battle,106
bawl,212
be,288
bead,197
beam,497
bear,437
bearing,178
beat,399
beautiful,509
beauty,196
beck,439
beckon,66
become,379
bed,199
bedcover,350
bedding,350
bedmate,350
bedpost,350
bedraggle,466
bedroom,199
bedsheet,350
bedside,100
bedtime,198
beep,393
beer,400
befall,231
before,135
befriend,72
befuddle,464
beg,17
begging,96
begin,379
begrudge,466
behalf,178
behave,346
behavior,397
behaviour,75
behold,280
being,63
belch,59
belief,383
believe,288
believer,118
belittle,197
bell,463
bellow,197
belly,220
belong,288
belonging,135
belt,415
bemoan,511
bemuse,511
bend,40
benefactor,462
benefit,390
beneﬁt,151
beneﬁte,151
bent,11
berate,66
bereavement,508
berth,61
beseech,72
bess,511
best,332
bestow,98
bet,166
betray,118
betrayal,127
betroth,340
betrothal,340
betrothed,340
beverage,390
bewilder,2
bicycle,402
bid,346
bidding,280
bike,402
bikini,400
bikinis,88
bill,169
billfold,161
bind,232
binding,280
biographer,461
birth,463
birthdate,239
birthday,375
birthmark,160
bit,4
bite,4
bitterness,193
black,29
blackberry,318
blackmail,392
bladder,43
blade,500
blame,280
blanch,197
blank,29
blanket,330
blankly,462
blather,66
blazer,256
bleach,321
bleed,205
bleeding,177
blend,383
bless,147
blessing,280
blight,54
blind,462
blindfold,79
blindness,409
blink,91
blister,167
block,141
blog,129
blond,152
blood,474
bloodline,239
bloodstream,265
blossom,260
blotter,167
blouse,330
blow,497
bluf,22
bluff,20
blurt,60
blush,59
bluster,54
boar,43
board,390
boardinghouse,321
boast,97
bob,405
bodice,384
body,141
bodyguard,461
bodysurfe,181
boil,459
boldness,133
bolino,511
bolt,482
bombard,291
bond,500
bone,112
bonesetter,238
bonus,457
book,468
bookcase,215
bookkeeper,86
bookshelf,215
boom,482
boot,280
bore,43
boredom,75
borrow,379
bosom,66
boss,141
bot,191
bother,280
bottle,141
bottom,48
boudoir,307
bounce,482
bound,11
boundary,32
boundless,433
bout,195
bow,136
bowl,141
box,141
boy,509
boyfriend,89
boyish,68
bra,121
brace,437
bracelet,112
brag,59
braid,383
brain,48
branch,61
brand,182
bravado,267
brave,118
brazen,66
break,497
breakfast,209
breaking,63
breakup,462
breast,112
breastbone,421
breaststroke,313
breath,451
breathe,451
breathing,451
brew,437
bribe,1
bride,35
bridegroom,340
brieay,365
brief,61
briefcase,461
briefly,29
brighten,59
brightness,29
brilliance,188
bring,18
bristle,66
british,235
broach,59
broaden,60
broil,365
brokenhearte,511
brood,20
brooding,49
brotgewürz,113
broth,365
brother,101
brow,112
browse,464
bruise,260
brush,470
brushstroke,69
bubble,280
buck,166
bucket,220
buckle,260
bud,437
buddy,220
buffet,41
bug,156
build,95
building,84
bullet,437
bully,166
bump,121
bun,156
bundle,192
bunk,199
bunkmate,92
buoy,248
burden,43
burial,375
burn,205
burning,193
burp,212
burrow,223
burst,156
bury,48
business,440
bustle,278
busy,166
butt,121
butter,437
butterfly,48
buttock,161
button,328
buy,38
buzz,280
bypass,260
cab,35
cabin,43
cabinet,130
cable,30
cache,192
cackle,275
café,345
cage,439
cajole,238
cake,318
calculate,416
calf,17
call,18
calligraphy,69
calm,383
calyx,223
came,465
camera,241
camisole,39
camp,61
campaign,396
can,137
cancel,61
candidate,396
candor,56
candy,166
cane,20
canine,462
canvas,362
cap,61
capacity,422
cape,462
capital,48
cappuccino,420
captain,461
captivate,511
captivity,134
captor,98
capture,48
car,474
card,323
care,4
career,276
careful,18
carelessness,133
caress,280
carp,142
carpet,23
carriage,330
carriagemate,145
carrot,304
carry,379
cart,182
carve,60
case,415
casket,375
cassoulet,284
cast,51
castle,132
casual,49
cat,500
catalog,299
catalogue,299
catch,260
catchphrase,411
cater,280
catty,5
cause,415
caution,36
cautious,193
cave,103
cavern,383
cd,348
cease,379
ceiling,29
ceilingward,161
celebrate,205
cell,463
cello,293
cement,148
center,61
centimeter,223
cereal,400
ceremony,375
certificate,61
certiﬁcate,282
chablis,92
chagrin,97
chain,383
chair,23
chairman,108
chaise,197
challenge,141
champagne,400
champion,139
chance,227
change,276
channel,106
chant,136
chap,92
chaperon,92
chaperone,92
character,51
characteristic,289
charcoal,148
charge,43
charm,193
chart,129
chase,35
chasing,156
chastise,97
chat,205
chatter,193
cheat,437
check,18
checkerboard,13
checklist,31
cheek,112
cheekbone,421
cheer,20
cheerfulness,171
chef,437
chemise,384
cheongsam,398
cherish,464
chest,102
chew,280
chic,296
chick,156
chickene,419
chide,208
chief,410
child,329
childhood,329
chill,182
chime,511
chin,29
chinese,117
chineseness,237
chip,166
chocolate,166
choice,375
choke,459
chomp,365
choose,38
chop,497
chopstick,411
chore,218
chortle,411
christmas,329
chuck,405
chuckle,250
church,81
churchgoing,143
churn,365
cigarette,318
circle,415
circuit,36
circulate,486
circulation,30
circumstance,280
cite,463
citizenship,266
city,50
cityscape,366
clack,393
claim,214
clamber,466
clamor,325
clamp,71
clap,482
clarify,306
clarity,20
clasp,496
class,463
classic,106
classmate,437
classroom,199
clavicle,82
claw,45
clawing,110
clean,470
cleanse,464
clear,415
cleavage,375
cleaver,238
clench,497
clever,220
cleverness,171
click,324
client,51
climax,264
climb,136
cling,365
clinic,345
clink,393
clip,482
clipboard,215
clock,220
close,45
closeness,118
closet,178
cloth,148
clothe,282
clothilde,145
clothing,330
cloud,20
club,50
cluck,393
clue,415
clump,71
clumsy,260
clung,178
clusburtson,511
clutch,346
clutched,149
coach,51
coat,330
coax,21
cock,264
cocktail,400
cocoon,223
coddle,13
code,141
coerce,138
cofee,208
coffee,400
coffin,43
coin,353
cola,182
collaborate,425
collapse,244
collar,156
collarbone,148
colleague,260
collect,182
collection,169
collide,26
collude,282
colonize,464
color,422
coloring,148
comatose,56
comb,134
combat,106
combing,418
come,465
comfort,196
comfortable,118
comforter,215
coming,465
command,95
commend,168
comment,497
commission,390
commit,346
commitment,397
commodity,30
commotion,482
communicate,205
communiqué,284
communist,461
companion,74
company,41
compare,459
compartment,61
compatriot,92
compel,464
compendium,150
compensate,43
compete,206
competence,397
compile,261
complain,260
complaint,1
complement,289
complete,61
complex,107
complexion,43
complexity,289
compliment,4
comply,12
compose,142
composure,43
comprehend,118
compromise,143
computer,461
comrade,188
conceal,75
concede,412
conceive,300
concentrate,18
concentration,75
concern,287
concerned,332
conciliatory,119
conclude,503
conclusion,375
concubine,417
concur,94
condition,107
confer,10
confess,311
confession,244
confide,210
confidence,171
confine,62
confirm,459
confound,283
confront,41
confrontation,32
confuse,383
confused,49
confusion,49
congratulate,310
congratulation,310
connect,205
connection,383
connoisseur,92
conquer,346
conscience,143
conscious,118
consciousness,32
consent,397
conserve,156
consider,257
consist,306
consolation,435
console,383
consolidate,459
constant,289
constipate,377
constitute,17
constitution,294
consult,74
consultant,108
consume,379
contact,386
contain,260
contemplate,109
contemporary,222
content,84
continue,379
contort,71
contract,390
contraction,367
contradict,282
contradiction,383
contribute,425
contribution,24
contrive,122
control,9
convalescence,430
convenience,280
conversation,383
converse,20
convert,142
convey,306
conviction,61
convince,346
conﬁde,151
conﬁdence,7
conﬁne,151
conﬁrme,151
coo,146
cook,182
cooking,382
cool,240
coolie,116
coolness,171
cooperate,269
cooperation,222
cop,166
cope,41
copper,392
copy,180
copybook,86
cordone,197
core,182
corner,221
correct,175
correspondence,19
corrupt,461
corruption,392
cosmetic,148
cost,422
costar,197
costume,51
cot,43
coterie,284
couch,23
cough,375
could,176
counsel,273
counselor,101
count,18
counter,141
countersignature,282
counting,415
country,342
countryman,333
coupon,282
courage,403
couriere,197
course,220
court,1
courtesy,143
courtyard,132
cousin,101
cover,141
coverall,161
cowardice,171
cower,238
coworker,321
coy,146
coﬀee,28
crack,482
cradle,280
craft,193
cram,71
crane,148
crash,91
crave,234
crawl,156
crazy,227
cream,437
create,205
creation,244
creature,383
credit,30
creep,193
crib,71
crime,440
criminal,461
crimson,29
cringe,59
cripple,71
crisscross,71
critic,85
criticism,440
criticize,464
critique,323
croak,325
crook,182
cross,182
crotch,156
crouch,11
crow,106
crown,280
cruelty,96
crumble,71
crumple,71
crumpled,149
crusade,12
crush,260
crust,280
crutch,411
cruzin,391
cry,172
crying,172
cubby,419
cuddle,488
cue,182
cuff,260
cultivate,426
culture,440
cunt,197
cup,102
cups,102
curb,280
cure,437
curfew,138
curiosity,193
curiously,188
curl,40
currency,342
curriculum,32
curse,35
curt,166
curtain,20
curtsy,278
curve,40
custom,332
customer,51
customize,261
customline,261
cut,48
cuticle,58
cv,134
cycle,100
cycling,402
dab,296
dabble,212
dad,101
daddy,101
dagger,500
damage,244
damn,90
dampen,234
dance,162
dancer,162
dancing,162
dangle,159
dare,227
dares,469
daring,118
darling,147
dart,12
dash,156
date,77
daub,365
daughter,473
dawdle,411
day,476
daybe,419
daydream,87
daze,260
dazzle,8
deaate,282
dead,116
deal,166
dealer,383
dean,166
dear,375
death,474
deathbed,56
debate,440
debt,30
decade,100
decamp,511
decant,197
decare,511
deceive,138
deception,244
decide,379
decision,32
declaration,32
declare,38
decline,32
dedicate,158
dedication,222
deed,280
deem,365
deepen,234
defeat,75
defect,192
defend,214
defender,279
defense,440
defiance,143
defile,419
define,263
deflate,158
deflect,407
defloration,167
deflower,238
deformity,265
defy,26
degrade,31
degree,169
delay,61
delete,44
deliberate,118
delight,15
delirium,300
deliver,346
delivery,383
delve,22
demand,137
demean,66
demeanor,43
demise,43
democracy,294
demon,135
demonstrate,346
demur,284
den,17
denial,96
denounce,281
denunciate,122
deny,288
depart,463
department,390
departure,375
depend,459
dependence,75
depict,379
deport,124
deposit,1
depress,282
depressed,462
deprive,187
descend,288
descent,463
describe,379
description,357
desert,61
deserve,280
design,95
desire,264
desk,510
deskmate,510
despair,244
despaired,2
desperation,244
despise,97
despondency,493
destination,61
destine,511
destiny,193
destroy,9
destruction,244
detach,124
detachment,362
detain,124
detect,232
deter,43
determination,32
determine,269
determined,107
detest,464
detonate,124
detour,407
devastate,300
devastation,244
develop,269
developing,95
development,95
deviate,26
deviation,1
device,390
devise,26
devote,306
devotion,143
devour,285
deﬁance,7
deﬁe,151
deﬁlement,7
deﬂecte,283
diagnose,242
diagnosis,32
dial,383
dialect,190
diaper,417
diary,375
dice,353
dick,156
dictate,464
dictionary,74
die,437
difference,255
dig,346
digest,459
dignify,158
dignity,143
diminish,355
din,188
dinner,209
dip,73
direct,40
direction,40
directory,74
disabuse,122
disadvantaged,462
disagree,1
disappear,137
disappearance,75
disappoint,202
disappointment,127
disapproval,193
disapprove,202
disarm,301
disassociate,300
disastrous,61
disbelief,15
discard,44
discern,94
discharge,61
discipline,107
disclose,269
discomfort,193
disconnect,55
discontent,75
discourage,75
discover,206
discovery,484
discuss,379
discussion,32
disdain,49
disease,392
disembark,55
disembarking,55
disengage,301
disgrace,75
disguise,260
disgust,49
dish,280
dishonor,493
disinter,301
dislike,49
dismantle,291
dismay,15
dismiss,280
disobey,187
disorient,6
disown,187
disparage,138
dispatch,43
dispense,314
display,38
displease,144
displeasure,17
disposal,30
disregard,75
disrespect,144
dissolve,383
dissuade,202
distance,224
distaste,144
distinguish,43
distract,383
distraction,193
distraught,43
distress,15
distribute,142
district,390
distrust,49
disturb,178
disﬁgure,7
disﬁgurement,7
ditch,35
divert,306
division,19
divorce,458
divulge,300
dizzy,15
do,114
doctor,51
document,32
dodge,91
dog,141
doing,135
dois,290
doll,280
dollar,353
domain,214
dominate,107
don,288
doodle,27
doom,15
door,199
doorbell,147
doorframe,221
doorstep,178
doorway,280
dope,411
dorm,220
dormitory,75
dosage,282
dose,121
dossier,98
dot,156
dou,140
double,141
doubt,287
doubtful,462
douse,249
dove,280
down,166
downfall,43
download,236
downstair,238
dowry,375
doze,464
draft,51
drag,137
dragon,141
drain,328
drank,177
drape,60
draw,255
drawer,199
drawing,95
drawl,181
dread,127
dream,100
dredge,194
drench,113
dress,141
dresser,199
dressmaker,145
dribble,13
drift,383
drill,437
drink,257
drive,497
driver,51
driveway,199
drone,20
drool,275
droop,52
drop,497
dropping,63
drown,137
drowsiness,450
drum,446
dry,470
du,182
duck,136
duct,156
dudou,365
dull,29
dump,205
dumpling,411
dunno,59
dust,217
dutch,117
duty,118
dwell,280
dwindle,395
dye,392
e,17
eager,193
eagerness,133
eagle,106
ear,497
earbud,319
eardrum,319
earlobe,65
early,61
earn,379
earning,462
earplug,319
earring,251
earthness,56
ease,459
easel,181
easy,166
eat,257
eaten,280
eating,382
eavesdrop,13
echo,439
eczema,21
edfred,22
edge,437
edit,341
editor,222
educate,206
education,494
effect,214
effort,224
effortlessness,433
efort,62
egg,156
ego,224
either,453
eject,158
elaborate,193
elate,419
elation,2
elbow,112
elder,193
elect,462
elegance,171
element,192
elude,26
email,387
embark,43
embarrass,138
embarrassment,49
embellish,385
embezzle,138
embodiment,267
embrace,288
embroider,381
embroidery,81
emerge,41
emit,197
emotion,287
empathy,287
emperor,115
emphasize,178
employ,178
employee,108
employer,461
employment,259
empower,464
emptiness,244
empty,177
enable,379
enchantment,334
enclose,10
encounter,106
encourage,269
encouragement,332
end,225
endure,118
enemy,48
energy,383
enfold,128
engage,346
engagement,75
english,42
englishman,461
engross,504
engulf,372
enjoy,257
enjoyed,118
enjoyment,332
enlist,156
enough,382
enquire,94
enrage,290
enrol,504
enroll,306
enrollment,30
enshroud,334
enslave,385
ensure,142
enter,38
entertain,17
entertainer,108
entertaining,332
enthral,334
enthusiasm,15
entice,381
entire,100
entitle,109
entourage,182
entrance,132
entreaty,511
entrust,10
entry,375
enunciate,122
envelop,385
envious,171
envisage,377
envision,109
envy,244
equipment,84
equivocate,122
erase,205
eraser,268
err,62
errand,189
erupt,116
escape,141
escapee,98
escort,193
essay,468
essence,280
establish,269
estimate,459
estimation,312
etch,59
ethnicity,259
evacuate,206
evade,17
evening,476
evict,343
ex,17
exaggerate,104
exam,142
examine,269
example,271
exasperate,122
excel,73
exception,1
exchange,30
excite,158
excitement,15
exclaim,158
exclude,271
excursion,332
excuse,280
execute,416
executive,108
exercise,402
exert,158
exhale,158
exhaust,75
exhausted,177
exhibit,170
exhibition,170
exhilarate,283
exile,244
exist,379
existence,118
exit,141
expand,306
expect,346
expectation,178
expedition,432
expel,301
expend,158
expense,43
experience,257
experienced,118
expertise,224
explain,379
explanation,383
explode,482
exploration,484
explore,206
expose,437
expound,109
express,315
expression,224
expressionless,395
extend,346
extension,30
exterior,23
extract,312
extricate,385
exude,372
eye,45
eyeball,251
eyebrow,280
eyed,220
eyeglass,251
eyelash,251
eyelid,251
eyeliner,88
eyetooth,251
eﬀort,28
facade,362
face,141
factor,422
factory,106
fade,500
fail,271
failing,260
failure,107
faint,152
faith,143
fake,127
fall,20
falter,395
faltering,395
fame,61
family,463
famish,511
fan,141
fancy,280
fang,500
fantasize,381
fare,125
fascinate,122
fascination,244
fashion,43
fasten,128
fate,244
father,101
fathom,66
fatigue,75
fault,4
favor,178
favorite,178
favourite,375
fax,282
fear,127
fearless,437
feature,51
fecklessness,68
fee,1
feed,205
feeding,382
feel,308
feeling,63
feign,59
feint,60
felt,308
femininity,417
fence,402
fend,22
ferment,285
ferocity,433
ferry,390
fertile,462
festival,169
fetch,328
fever,392
fiancé,89
fictionalize,323
fiddle,446
fidget,331
field,491
fiend,54
fifth,441
fifty,305
fight,136
figure,422
file,480
fill,280
film,80
financial,30
find,328
fine,240
finger,45
fingernail,155
fingerprint,160
fingertip,160
fingertips,280
finish,455
fire,474
firm,152
first,297
firstborn,64
fish,103
fist,437
fit,156
fix,205
fixate,464
flag,154
flail,194
flank,112
flap,260
flash,91
flashlight,330
flat,11
flatten,60
flatter,171
flaw,178
fle,168
flee,346
flesh,224
flgge,22
flick,91
flight,30
flinch,174
fling,280
flip,482
flirt,4
flirtation,246
float,459
flock,260
flood,103
floor,23
flop,121
flounce,511
flourish,20
flow,312
flower,438
fluency,452
fluent,332
flush,20
fluster,105
flutter,156
flw,22
fly,379
foaming,452
focus,383
fold,43
folder,480
folk,383
follow,271
follower,17
fondness,171
food,474
fool,227
foot,11
footed,11
footfall,278
footing,178
footlocker,238
footprint,462
footstep,366
forbid,280
force,415
forearm,112
forefinger,421
forehead,193
foresee,111
foresight,171
forest,50
foreﬁnger,7
forfeit,120
forgave,355
forge,43
forget,18
forgive,143
forgiveness,143
forgo,22
forgot,193
fork,193
form,137
fortify,60
fortune,106
forty,305
forward,40
fountain,103
fox,129
fragility,267
fragrance,318
fragrant,285
frame,437
française,436
freak,220
freckle,216
free,61
freedom,294
freeze,437
french,42
frequent,462
fret,414
fridge,199
friend,101
friendship,397
frighten,274
frightened,15
fringe,462
frolic,197
front,497
frown,193
froze,220
frustrate,122
frustration,49
fry,41
fu,156
fuck,90
full,422
fullness,56
fumble,437
fume,511
function,263
fund,169
funeral,375
fur,330
furious,49
furnishing,93
furniture,23
fury,49
fuss,156
fussy,171
future,329
g,17
gabbe,419
gabble,212
gag,383
gain,192
gait,404
gall,41
gallery,362
gamble,461
gambler,238
game,141
gang,437
gap,419
garden,438
garment,178
gasp,174
gate,132
gather,3
gathering,43
gauge,422
gawk,275
gaze,224
gear,193
gender,276
general,108
generosity,143
generous,509
genital,82
genius,509
german,235
gesture,224
get,346
getting,63
ghost,106
gibe,511
giddiness,68
giddy,59
gift,375
giggle,250
gingerroot,21
girl,141
girlfriend,89
girlhood,68
girlishness,68
gist,109
gitane,391
gitanes,391
give,18
glance,224
glare,91
glass,474
glean,22
glee,191
gleefully,452
glide,383
glimpse,383
glinting,110
gloom,188
glory,147
gloss,74
glove,43
glow,497
glowed,149
glower,98
glue,148
gmail,138
go,328
goad,22
goal,279
gobble,212
god,90
goddaughter,64
going,63
gold,335
gone,135
good,253
goodbye,388
goodness,227
google,180
gorge,103
gossip,49
got,220
gouge,59
govern,459
government,276
gown,178
grab,18
grace,439
grade,422
graduate,169
graduation,61
grain,462
grammar,440
grandchild,64
granddad,64
granddaughter,473
grandfather,101
grandma,101
grandmother,101
grandniece,64
grandparent,64
grandson,473
grant,61
grape,437
grapple,194
grasp,379
gratify,381
gratitude,127
grave,375
graze,274
green,431
greet,288
greeting,193
grief,287
grievance,511
grieve,355
grill,43
grimace,454
grin,454
grind,497
grindstone,238
grip,328
grit,220
groan,361
grocery,260
groggily,354
groin,421
groom,260
grope,66
ground,270
groundwork,406
group,489
grow,379
growl,361
grudge,98
grumble,325
grunt,389
guard,141
guess,4
guest,51
guide,74
guilt,127
guilte,282
gullet,284
gulp,375
gum,20
gun,141
gush,67
gut,193
guzzle,331
habit,260
hack,180
hackle,407
had,157
hadn,157
haggle,212
hail,91
hair,165
hairbrush,165
haircut,165
hairline,165
hairstyle,165
hall,362
hallucinate,358
halt,455
hamper,238
hamstring,421
hand,112
handbag,160
handcuff,6
handed,63
handful,156
handicap,61
handing,63
handiwork,93
handkerchief,148
handle,328
handler,260
handmaid,145
handprint,160
handwriting,382
hang,205
hangout,275
happen,280
happiness,196
happy,196
harbor,132
hard,264
harden,437
hardworke,218
harm,75
harsh,193
harshness,171
harvest,106
haste,375
hasten,249
hat,288
hate,135
hatred,49
haughtiness,171
haul,497
haunch,46
haunt,260
have,379
hayami,208
hazard,383
haze,35
he,63
head,141
headache,49
headband,79
headboard,215
headdress,39
headfirst,477
headlong,477
headmistress,86
headphone,511
headquarter,79
headquarters,61
heal,205
health,259
heap,15
hear,308
hearing,63
heart,186
heartache,98
heartbeat,451
heartstring,466
heat,48
heave,274
heavy,152
heavyhandedness,171
heed,274
heel,11
height,422
heime,419
heir,118
helmet,36
help,205
helplessness,501
hemorrhage,6
heping,33
her,220
herb,438
herd,41
heritage,362
heroine,473
hesitance,246
hesitancy,246
hesitate,174
hesitation,224
hibernation,430
hiccup,275
hide,328
high,375
hike,100
himalayan,41
hint,156
hip,112
hire,459
hiss,482
history,494
hit,497
hitch,43
hitching,110
hoard,394
hoarse,15
hobble,212
hoist,71
hold,328
hole,141
holler,393
home,456
homeland,118
homesick,171
hometown,43
homework,193
honey,147
honk,481
honor,463
honour,222
hood,43
hoodie,479
hook,41
hop,136
hope,147
hopefulness,501
horizon,383
hork,394
horrify,267
horror,244
horse,402
hospitable,267
hospital,132
host,230
hostess,166
hostility,392
hotel,345
hound,280
hour,100
house,141
housedress,223
household,260
housekeeper,118
housekeeping,321
housemate,98
hover,197
howl,482
hua,182
huddle,488
huff,20
hug,288
hui,115
hulije,16
hum,20
humble,118
humiliate,104
humiliation,49
humor,250
hunch,278
hunger,264
hungry,177
hunt,328
hurl,71
hurry,497
hurt,127
hurtle,60
husband,89
hush,147
hustle,278
hydrangea,233
hyper,73
hypothesis,201
i,280
idea,415
identify,269
identity,289
identiﬁe,151
identiﬁer,151
idle,280
idolize,428
ignite,71
ignorance,193
ignore,18
ill,429
illness,392
image,369
imagination,280
imagine,3
imagining,383
imago,277
imbue,283
imitate,272
immaturity,37
immerse,381
immigrate,37
immobilize,37
impact,106
impatience,49
impatient,193
impede,104
impersonate,26
imploding,395
implore,202
imply,289
importance,32
important,463
impress,437
impressed,227
impression,362
impressive,509
imprison,124
imprisonment,148
improve,425
improvement,312
improvise,26
imprudence,493
impudence,171
impugn,122
impulse,224
in,62
inability,75
inaction,452
inadequacy,493
incapable,17
incapacitate,300
incense,318
inch,422
incision,234
incisor,82
inclination,306
incline,40
include,379
inclusion,332
income,30
incorporate,41
increase,459
incredulously,2
incriminating,104
independence,294
index,74
indicate,107
indignation,144
indispensable,122
indiﬀerence,28
induce,346
indulge,26
infant,463
infect,62
infidelity,508
influence,397
inform,206
information,130
infuriate,413
infuse,283
ingest,285
ingratiate,122
inhabit,142
inhalation,167
inhale,62
inherit,192
inheritance,30
inhibit,346
initial,462
initiate,91
inject,62
injection,178
injure,62
ink,35
inkstone,66
innard,511
innocence,224
inoculate,131
inquire,94
inquiry,32
insect,48
insecurity,37
insert,51
inside,382
insight,32
insist,178
insisted,188
insistence,178
insolence,144
inspect,142
inspector,332
inspire,205
instability,43
instinct,224
institute,132
instruct,377
instruction,312
instructor,51
insult,193
intake,192
intelligence,130
intend,306
intensiﬁed,7
intent,224
intention,75
interact,180
intercept,73
interest,332
interested,332
interesting,509
interference,217
interject,158
interlock,283
interpret,459
interpretation,32
interrogate,464
interrogation,193
interrupt,280
interruption,193
intervene,306
interview,323
intestine,322
intimacy,96
intimidate,144
intone,511
intoxicate,381
intrigue,171
introduce,271
introduction,341
inure,62
invade,206
invent,62
inventory,30
invest,41
investigate,346
investigation,260
investor,461
invigorate,109
invitation,118
invite,271
involve,271
involvement,390
inward,462
inﬂecte,283
iove,419
iphone,191
ire,197
irk,419
iron,148
irrationality,323
irresistible,118
irresponsibility,493
irritability,413
irritable,413
irritate,413
irritated,49
irritation,49
isolate,61
issue,169
it,220
italian,117
itch,295
itching,295
itchy,295
item,1
itinerary,316
jab,296
jabber,212
jacket,330
jade,35
jailer,98
jam,136
japan,117
jar,220
jasmine,439
jaw,45
jawline,421
jealousy,49
jean,12
jeer,274
jenneeeeee,76
jenneeeeeeee,76
jeopardise,104
jeopardize,104
jerk,91
jewel,500
jeweler,81
jewelery,81
jewelry,81
jews,392
jialing,33
jibe,511
jiggle,278
jingle,482
jittery,278
jiu,33
jiujiu,33
job,328
jog,161
join,205
joint,383
joke,100
jolt,482
jostle,488
jot,504
journal,487
journey,182
jowl,82
joy,147
joylessness,433
judge,51
judgement,1
judgment,244
jug,437
juggle,278
juice,383
juke,511
jumble,60
jump,136
jumper,462
jumping,43
jumpy,278
justify,379
kaftan,208
kaiser,182
karaoke,81
keep,280
keeper,43
keepsake,98
kerchief,284
key,153
keyboard,23
kick,497
kid,166
kidnap,148
kidnapping,148
kidney,392
kill,205
killer,166
killing,135
kilt,373
kimono,376
kin,220
kind,260
kindness,143
king,141
kinswoman,93
kiss,264
kit,342
kitchen,199
knack,404
knapsack,256
knee,112
kneel,161
kneeling,11
kneepad,161
knelt,149
knife,330
knit,73
knitting,382
knock,497
knot,11
know,379
knowledge,397
knowyou,419
knuckle,216
kodak,69
kowtow,173
labia,58
labor,294
lack,17
ladle,321
lady,101
lain,365
lair,147
lake,103
lament,210
lamp,280
land,426
landlord,461
landmark,41
lane,182
language,190
lao,437
lap,126
lapse,98
laptop,23
lash,35
last,375
latch,280
later,197
laugh,250
laughter,250
launch,142
launder,60
laundry,193
lavish,332
law,273
lawn,23
lawyer,273
lay,220
layer,178
lead,107
leader,51
leadership,390
leaf,41
leafs,260
leak,192
lean,166
leap,136
leapt,280
learn,379
leather,148
leave,18
leaving,63
lecture,169
leery,365
left,490
leftover,116
leg,11
legacy,463
legging,161
leisure,332
lend,188
lens,141
lent,280
leotard,150
lesson,260
let,271
letter,463
letting,178
level,422
library,338
lick,401
lid,260
lie,18
liebling,419
life,276
lifestyle,182
lifetime,383
lift,497
light,474
like,220
liking,220
lilong,398
lily,439
limb,463
limit,61
limp,149
lindsey,500
line,125
ling,166
linger,4
lingering,280
link,129
lip,383
lipstick,88
lisp,247
list,129
listen,18
literacy,57
liu,115
live,498
livelihood,461
living,382
load,205
loan,229
loathe,475
loathing,475
lobby,132
lobe,182
locate,206
location,48
lock,497
locker,415
log,480
logic,312
loiter,197
loll,365
loneliness,75
long,152
longing,224
longnu,419
longue,197
look,401
looked,99
loom,274
loop,192
loose,482
loosen,178
lop,365
lope,365
lord,15
lose,309
loss,48
lot,220
lounge,383
love,186
lovebird,186
loveliness,171
lovely,509
lover,264
loveyou,186
lower,11
loyalty,397
lozenges,511
luck,474
lucke,113
lucky,227
lucy,405
lug,365
luggage,30
lull,365
lunch,209
lung,260
lunge,197
lurch,59
lure,178
lurk,365
lust,264
luxuriate,395
lyric,20
macaroon,164
machine,182
mad,227
mafan,140
magazine,106
magnanimity,119
mah,262
maid,166
mail,81
mailbox,387
maintain,269
majesty,188
make,379
makeup,88
making,63
malt,168
mama,101
man,328
manage,269
maneuver,459
maneuvering,218
manhandle,373
manifest,41
manipulate,9
manner,383
mantilla,391
manzhen,140
map,130
marcel,106
marcelle,211
march,359
mark,405
market,383
maroon,462
marriage,458
married,458
marry,89
marrying,89
marshmallow,164
martens,98
marvel,106
mascara,43
mask,36
mass,107
massage,148
master,29
masturbate,300
mat,220
match,195
matchmaking,145
mate,147
material,84
materialize,26
math,312
matriculate,378
matriculation,378
matter,415
mattress,148
mature,41
mauser,105
may,359
meal,280
mean,17
meander,54
meaning,17
meanness,171
measure,289
medication,392
meet,288
meeting,32
mei,156
melt,437
member,108
membership,30
memorize,272
memory,382
mend,168
menopausal,358
mention,280
mentor,51
menu,400
merge,459
merry,147
mesmerize,381
mess,220
message,137
method,201
mid,462
middle,63
midmotion,404
midsection,421
midterm,197
might,280
migrate,142
milch,105
milk,141
mill,352
mime,511
mimic,260
mimicked,66
mince,411
mind,224
mine,264
mini,156
miniskirt,39
ministration,119
ministry,332
mire,511
mirror,382
miscalculation,70
miscarry,508
misery,244
misfortune,70
misgiving,501
misheard,248
misjudge,138
misread,327
miss,101
missing,463
mission,61
misspoke,407
misspoken,13
misstep,407
mistake,193
mistook,66
mistreat,138
mistreatment,138
mistress,500
mistrust,144
misunderstand,138
misunderstood,75
mix,95
mixture,383
moan,361
moaning,361
mob,106
mobile,191
mock,193
mode,422
model,51
modelesque,284
modesty,171
moist,163
mold,260
mole,437
mom,101
moment,383
mommy,147
money,474
monie,365
monitor,142
monologue,323
monstrous,43
month,100
mooch,499
mood,178
moor,23
mop,197
more,135
morning,476
mortgage,461
mortify,116
mortiﬁe,151
mother,101
motif,214
motion,224
motivate,464
motivation,32
motive,1
motorbike,358
mould,71
mount,132
mourn,71
mouth,492
mouthful,178
move,38
movement,383
movie,80
moy,499
much,220
muddle,60
mug,166
mull,59
muller,182
mumble,411
mural,362
murder,392
murderer,375
murmur,361
muscle,112
muse,500
museum,345
music,80
musing,282
musket,46
must,114
mustache,462
muster,43
mutter,326
muttering,326
mutti,113
muzzle,45
nag,296
nail,280
nainai,16
naked,298
nakedness,56
name,141
namesake,462
nanking,363
nanny,304
nap,156
nape,375
napkin,330
narrate,210
narrow,152
nasal,75
natalya,98
nation,154
nationality,266
nature,484
nausea,49
nauseate,97
navel,82
navigate,9
navigation,130
navy,117
ne,11
near,224
nearness,501
neat,509
neck,112
necklace,375
neckline,384
need,177
needle,260
needlework,93
neglect,280
negotiate,142
negroni,391
neighbor,260
neighborhood,132
nemisis,21
nephew,473
nerve,11
nervous,49
nervousness,501
nest,147
nestle,181
net,22
new,61
news,106
newspaper,81
niang,140
nicety,171
nickname,148
niece,473
night,476
nightclothe,373
nightdress,39
nightgown,39
nightmare,220
nightshirt,39
ninety,305
nip,197
nipple,156
nod,454
nonchalance,246
noodle,455
nook,59
noose,274
nora,423
nose,260
nostril,82
note,129
notebook,330
notepad,181
notice,188
notify,464
notion,280
nourish,285
novel,468
nude,298
nudge,278
numb,227
number,422
nurse,108
nursery,345
nurture,60
nuzzle,234
oath,500
obedience,135
obey,271
object,214
objection,1
objective,32
obligate,119
obligation,397
oblige,122
obscure,332
observation,32
observe,271
observer,12
obsess,87
obsession,244
obstinacy,283
obtain,503
occasion,61
occupy,206
odious,116
of,43
ofende,111
ofere,419
offend,274
offer,379
offering,383
office,141
ogle,66
ointment,93
old,375
oma,262
omission,187
one,415
onlyborn,128
opa,262
open,38
opening,43
opera,468
operate,459
opine,62
opinion,32
opium,318
opponent,48
opportunity,224
oppose,311
opposite,462
opposition,396
opt,41
optimism,171
option,192
orbit,40
order,61
ordinariness,283
organ,293
organize,142
orgasm,264
origin,463
other,463
ought,280
out,415
outburst,260
outdo,116
outfit,43
outgoing,427
outgrow,355
outing,260
outline,462
outlive,355
outmanoeuvre,493
outnumber,407
outrage,15
outrun,128
outstretche,407
outward,462
outwit,355
outﬁts,7
oval,362
ovaltine,197
ovary,58
overall,435
overcoat,506
overcome,346
overdose,437
overdress,39
overhead,20
overhear,248
overheard,188
overheat,314
overjoy,248
overlap,362
overlook,362
overplay,128
overpower,248
overreach,87
overreact,87
overrun,260
oversee,269
oversight,280
overstay,407
overstep,407
overtake,128
overthink,87
overwhelm,285
overwhelmed,15
overwork,218
owe,280
own,280
oﬀ,28
oﬀer,28
oﬀere,28
oﬃce,28
oﬃcer,28
pa,22
pace,20
pacify,377
pack,141
packing,459
pact,188
pad,73
paddle,141
page,332
pail,71
pain,127
paint,470
paintbox,181
paintbrush,69
painting,362
pair,51
pajama,479
palace,132
palanquin,358
palate,82
pale,29
paleness,56
paler,41
palette,362
pallet,223
palm,112
palpate,223
palsy,223
pan,462
panic,244
pant,54
pantomime,358
panty,322
papa,101
paper,84
paperwork,510
par,73
parade,100
paralyze,138
paraphrase,13
parcel,43
parch,197
pardon,311
pare,511
parent,463
parenting,41
park,50
parlor,178
parrot,182
part,248
participate,425
participation,19
parting,462
partner,51
partnership,397
party,396
pas,437
pass,141
passage,20
passenger,461
passion,264
passive,462
passport,360
password,383
past,329
pasta,400
paste,437
pastry,43
pat,462
patch,35
path,100
patience,280
patient,463
patron,108
paunch,82
pause,20
paw,141
pawn,346
pay,311
payment,397
peach,166
peacoat,506
pearl,500
peck,260
peculiarity,56
pedal,40
pediatrician,81
pee,121
peed,419
peek,156
peel,182
peep,481
peer,73
peg,166
peiqin,140
pekingese,237
pelt,197
pelvis,265
pen,280
pencil,148
pendant,29
penetrate,75
penis,102
penmanship,93
pension,505
people,276
pepper,437
perception,440
perch,43
perfect,509
perfection,96
perform,425
performance,51
perfume,88
period,468
peripheral,462
perish,97
perk,208
permission,193
permit,1
perplex,511
persecute,122
persevere,211
persist,346
persistence,346
person,276
personality,397
perspective,32
persuade,311
peruse,109
pester,197
pet,437
petal,486
pete,405
petticoat,5
pflediatrician,283
phase,422
phobia,87
phone,199
photo,369
photograph,369
photographer,241
physician,461
pi,141
piano,293
piccolo,191
pick,38
picket,43
pickle,164
picnic,383
picture,369
pidgin,358
piece,415
pierce,500
pigtail,466
pigu,208
pile,280
pill,166
pillow,199
pillowcase,350
pimple,66
pin,141
pinafore,358
pinch,61
ping,115
pinkie,66
pinky,66
pinpoint,60
pip,141
pipa,197
pipe,141
piping,110
pique,197
pirouette,278
piss,20
pistol,112
pitch,61
pity,287
pivot,8
placate,282
place,61
plague,193
plait,60
plan,383
plane,43
planning,95
plant,438
plate,383
play,38
player,276
playfulness,171
playing,382
playroom,86
playwright,85
plea,178
plead,260
please,455
pleasure,264
plenty,220
plod,66
plop,419
plot,1
plow,291
ploy,323
pluck,71
plug,437
plummet,71
plump,509
plunge,178
ply,296
pocket,383
pocketbook,86
poem,468
poet,85
poetry,468
point,353
pointing,45
poise,404
poison,392
poke,156
policewoman,81
policy,440
polish,374
politic,218
polo,182
poncho,278
ponder,188
pony,437
ponytail,193
poorly,43
pop,437
pops,91
popular,106
popularity,106
pore,274
pork,318
port,132
portal,182
porter,182
portfolio,30
portion,390
portrait,362
portray,11
pose,288
position,61
possess,232
possession,244
possibility,32
post,61
posture,280
posturing,507
pot,141
potato,191
pouch,330
pouf,307
pounce,59
pound,156
pour,459
powder,392
power,224
powerlessness,56
practice,415
praise,497
pram,208
prance,66
prattle,171
pray,205
prayer,143
preach,379
precaution,246
precede,168
precious,220
predicament,70
predict,346
preempt,10
preen,208
prefer,178
preference,1
pregnancy,478
pregnant,478
prepare,257
preppe,22
presence,17
present,336
presentation,222
press,74
pressure,367
presume,282
presumption,493
pretend,18
pretty,509
prevail,301
prevent,269
prey,244
price,422
prick,193
prickle,66
pride,127
prince,101
princeling,419
princess,101
principle,201
print,213
priority,61
prison,30
privacy,193
private,463
prize,19
probe,383
problem,201
procedure,214
proceed,269
process,32
proclaim,158
proctor,306
procure,158
prod,168
produce,142
profession,332
professionalism,171
professor,473
proffer,62
proficiency,61
profile,134
program,169
progress,410
project,169
projection,312
prolong,301
promise,4
promote,269
prompt,497
pronounce,300
pronunciation,190
prop,11
propagate,283
propel,60
property,30
proportion,192
proposal,390
propose,269
prospect,75
prostitute,461
protagonist,51
protect,135
protection,244
protest,206
protestation,323
protégé,260
proud,118
prove,346
provide,38
provocative,41
provoke,306
prowess,178
prowl,54
proﬁle,7
prune,223
pry,280
psychiatrist,108
psychoanalyze,358
puberty,322
public,390
publish,74
pucker,238
puff,156
pull,497
pulse,451
pummel,356
pump,497
punch,91
punctuate,486
punish,135
punishment,96
pupil,463
purchase,269
purge,269
purpose,224
purposeful,433
purse,36
pursue,346
pursuer,128
pursuit,43
push,401
put,497
puzzle,280
puzzlement,2
pyjama,479
qi,115
qijie,140
qipao,140
qipflo,21
quake,244
qualify,255
quality,130
quandary,267
quarrel,163
quarry,103
quarter,353
quaver,194
quell,249
query,214
quest,182
question,415
quicken,128
quickness,133
quilt,148
quip,411
quirk,66
quit,311
quiz,437
quote,448
race,126
racing,182
rack,220
radiance,430
radiate,283
radiating,193
radio,106
radish,208
rag,220
rage,49
rageful,452
rail,472
rainbow,182
raincoat,506
raise,280
rake,182
rally,36
ram,191
ramble,411
rambling,395
rang,149
rank,61
rant,275
rap,81
rape,244
rash,260
rasp,411
raspy,411
ration,168
rattle,482
rave,147
ravel,307
re,288
reach,137
react,346
reaction,383
read,257
readie,419
readiness,118
reading,382
readjust,60
ready,45
realise,43
reality,244
realize,18
really,509
realm,439
reappear,204
reapplie,314
rear,61
rearrange,301
reason,227
reasoning,312
reassess,314
reassure,118
reattach,301
rebel,106
rebellion,323
rebound,61
rebuf,282
rebuff,120
rebuke,120
rebuttone,282
recall,346
recast,31
receipt,280
receive,271
recharge,314
recipe,43
reciprocate,300
recital,362
recitation,210
recite,210
reckoning,467
reclaim,178
recline,292
recognise,12
recognize,280
recoil,40
recommend,349
reconcile,306
reconnect,109
reconnecte,109
record,303
recount,31
recover,346
recovery,32
recruit,51
recuperation,314
red,29
redden,66
redirect,94
reduce,269
reel,61
reestablish,314
refastene,282
refer,245
reference,434
refill,31
reflction,282
reflect,107
reflection,280
reflex,118
reflxe,22
refocus,94
refold,31
refolde,282
reform,294
refrain,123
refresh,31
refurbish,314
refusal,75
refuse,311
regain,178
regard,178
register,332
regret,127
regular,61
rehearse,366
reignite,158
rein,43
reincarnation,430
reinforcement,32
reinveste,113
reject,75
rejection,96
rejoin,346
relapse,138
relate,306
relation,289
relationship,397
relative,75
relax,367
relaxed,193
relay,313
release,48
relent,464
reliability,397
relief,127
relieve,232
relinquish,508
relish,464
relive,355
reload,291
relocate,206
reluctance,280
reluctant,260
rely,346
remade,134
remain,271
remained,149
remake,134
remark,1
remarry,508
remember,257
remind,280
reminder,280
remove,269
rename,368
rend,365
render,142
renew,156
rent,100
rental,100
reorganize,104
repair,95
reparation,120
repartee,120
repast,449
repay,178
repeat,141
rephrase,314
replace,271
replay,435
replies,20
reply,20
report,390
reposition,449
represent,38
representative,108
repress,424
reprimand,120
reproach,281
reproof,281
repulse,301
reputation,75
request,38
require,43
reread,327
rescue,206
research,440
resemble,260
resent,464
resentment,244
reservation,390
reserve,410
reside,41
residence,61
resident,14
resign,286
resignation,83
resist,379
resistance,392
resolution,332
resolve,269
resort,50
resource,390
respect,397
respiration,317
respond,346
response,32
responsibility,397
rest,137
restaurant,345
restive,171
restlessness,133
restore,346
restrain,306
result,255
resume,74
resurface,314
resurrect,314
retain,48
retaliate,120
retch,97
retching,97
retie,282
retire,286
retort,282
retrace,203
retreat,311
retrieve,346
return,38
reunion,375
reunite,206
reveal,346
revel,511
revere,210
reverie,2
reverse,175
revert,504
review,222
revise,31
revisit,109
revive,156
revolution,106
reward,48
reﬁlle,7
reﬁne,7
rhetoric,440
rhododendron,233
rib,260
ribbon,207
ribcage,421
rice,392
rich,375
rickshaw,442
rid,500
riddle,383
ride,182
rider,51
ridicule,97
riffle,238
rifld,22
right,220
ring,500
rinse,22
rip,280
rise,497
risk,192
rival,41
roam,35
roar,361
roast,437
rob,447
robe,330
robin,134
rock,147
rod,405
role,51
roll,497
romance,196
romy,365
roof,23
room,415
roommate,280
root,141
rosalind,66
rosebud,233
rotate,459
rouge,43
round,107
roundhouse,321
rouse,260
route,130
routine,100
row,214
royalty,244
rub,497
rucksack,256
ruddy,21
rudeness,171
ruffle,92
rug,362
ruin,244
rule,415
rummage,66
rump,161
run,455
ruse,43
rush,439
russian,222
s,137
sabotage,392
sack,75
sacrifice,143
sacriﬁce,7
sacrum,223
sad,287
sadden,111
saddle,330
saddlebag,53
sadness,287
safeguard,280
safety,392
sag,296
saga,182
said,351
sail,20
sailboat,81
sake,147
salary,61
saliva,392
salivate,464
salon,436
salute,166
salvage,148
salvation,244
sam,35
sampan,320
sample,312
sanctuary,375
sandal,223
sandwich,148
sanity,193
sap,182
sarcasm,49
sashay,419
sat,99
satchel,98
satin,188
satisfaction,196
satisfy,271
satisﬁed,7
saucer,238
saunter,8
save,205
saving,135
savior,280
savor,98
savour,300
saw,99
say,18
saying,63
scald,113
scale,422
scaling,462
scallop,46
scalp,43
scan,73
scar,500
scare,178
scared,193
scarf,260
scarlet,29
scatter,331
scene,106
scent,318
schatz,105
schedule,184
scheme,390
scholarship,169
school,50
schoolbook,86
schooling,43
schoolmaster,86
schoolmate,86
schoolwork,86
scissor,256
scofe,113
scoff,66
scold,97
scolding,97
scoliosis,242
scone,504
scoop,280
scoot,278
scooter,8
score,129
scorn,97
scour,71
scout,166
scowl,454
scrabble,268
scramble,482
scrap,148
scrape,178
scratch,156
scream,401
screen,141
screw,90
scribble,268
scribbling,268
script,392
scroll,280
scrub,280
scrunch,159
scrutinise,104
scrutinize,104
scurry,411
scuttle,291
seal,61
search,346
searching,135
seat,330
second,490
secret,193
secretary,108
secure,459
seduce,118
see,271
seed,48
seek,271
seem,178
seethe,66
seize,379
seizure,260
select,38
selection,61
self,288
selfishness,171
sell,206
semester,61
seminar,169
send,205
senior,410
sens,504
sense,415
sensei,376
sentence,1
sentiment,280
separate,463
sequester,197
serenade,380
servant,51
serve,379
service,390
serviette,211
set,497
setting,63
settle,156
seventy,305
sew,296
sewing,260
sex,264
shade,280
shadow,500
shake,174
shaky,220
sham,220
shame,49
shanghai,363
shanghainese,363
shape,422
share,205
shark,106
sharpening,60
shatter,35
shave,217
shawl,511
sheath,280
shed,362
sheet,43
shelf,20
shell,134
shelter,362
shield,36
shielding,193
shift,137
shimmer,511
shimmy,278
shimmying,278
shin,156
shine,182
ship,20
shirt,330
shirtsleeve,256
shirttail,161
shirtwaist,373
shit,90
shiver,174
shock,35
shoe,141
shoetip,161
shoo,146
shoot,369
shop,166
shopping,382
shore,260
short,59
shortcoming,70
shorten,128
shot,141
should,176
shoulder,112
shouldn,176
shout,91
shove,401
shovel,166
show,129
shower,470
shre,111
shred,71
shriek,15
shrieking,452
shrillness,452
shrink,166
shrug,174
shudder,174
shuffle,482
shun,140
shunt,60
shush,274
shut,497
shu田ed,140
shuﬄed,28
shy,166
shyness,501
sible,419
sibling,463
sick,116
sicken,116
sicko,116
side,40
sideline,292
sidestep,366
sideway,221
sift,60
sigh,375
sighing,193
sight,415
sightseeing,381
sign,328
signal,141
signature,20
silence,127
silently,29
silhouette,280
silk,500
silver,335
simmer,105
simper,105
simpering,395
sin,135
sincerity,143
sing,136
singe,419
singer,85
singing,382
single,236
sink,497
sinus,82
sip,166
sister,101
sit,99
sitcom,106
sitting,193
situate,282
situation,32
size,422
skate,136
skeleton,48
sketch,332
sketchbook,181
sketching,181
sketchpad,181
skewer,8
skid,197
skill,224
skim,161
skin,224
skip,141
skirt,11
skitter,419
skull,106
sky,439
slack,43
slacken,128
slam,482
slang,193
slap,91
slaughter,244
slave,96
sleep,485
sleepwalk,433
sleepy,15
sleeve,370
sleight,8
slender,152
sleuthing,138
slice,260
slide,383
sling,121
slink,331
slip,43
slipper,466
slipping,63
slit,260
slither,66
sloppiness,411
slot,100
slow,166
slump,73
slunk,411
slur,411
slurp,411
slut,411
smack,482
small,152
smart,509
smash,106
smear,331
smell,308
smile,454
smiling,454
smirk,454
smoke,474
smoking,382
smooth,152
smother,285
smuggle,60
snack,280
snag,159
snap,482
snapshot,181
snarl,174
snatch,188
sneak,383
sneaker,256
sneer,275
sneeze,254
snicker,275
snife,159
sniff,147
sniffle,254
snip,159
sniﬀed,28
snoop,437
snooping,218
snooze,159
snore,450
snoring,450
snort,250
snufe,419
snuggle,450
soak,98
soap,217
soar,274
sob,156
sobbing,172
sober,43
sobriety,98
socialism,294
sock,280
socket,156
sofa,23
soften,234
softness,260
soil,426
sol,43
sole,43
solitude,56
solo,468
solution,201
solve,271
something,383
son,473
song,468
sooooo,499
soothe,18
sop,419
sophisticated,383
sorrow,287
sorry,200
sort,260
soul,143
sound,137
soup,474
soupspoon,238
sour,20
source,153
sow,274
space,415
spanish,42
spank,159
spar,504
spare,43
sparkle,20
spasm,6
spat,371
speak,379
speaking,280
special,106
specialize,51
specialty,383
specify,459
speculate,131
speech,440
speechless,15
speed,422
spell,328
spend,328
spending,135
spew,331
spill,18
spin,346
spine,11
spirit,463
spit,49
spite,280
splash,91
splay,60
spleen,265
split,61
splotchy,58
splutter,331
spoil,383
spoke,99
sponsor,230
sponsorship,342
spook,66
spoon,437
sport,130
spot,214
spout,331
sprawl,291
spray,470
spread,379
spring,476
sprint,136
sprout,233
sputter,331
spy,260
squad,489
squander,104
square,132
squat,15
squawk,393
squeak,156
squeal,325
squeeze,367
squint,254
squirm,159
squish,159
stab,73
stabilize,232
stable,260
stack,459
staf,296
staff,108
stage,183
stagger,66
stain,437
stair,41
stake,135
stalk,182
stall,437
stammer,356
stamp,353
stand,174
standard,61
standing,382
star,141
stare,401
start,471
startle,60
starve,8
stash,8
state,408
stateless,56
statement,137
station,472
statue,132
stature,43
status,61
stay,18
stead,365
steady,328
steal,137
stealing,135
steam,30
steel,148
steep,103
steer,462
step,136
stepbrother,64
stepfather,427
stepson,98
stick,280
stifene,511
stiff,152
stiffen,234
stiffly,188
stifld,356
stifle,60
stilettos,39
still,185
stimulate,232
sting,106
stink,220
stint,260
stipend,25
stir,178
stirring,156
stitch,260
stiﬀen,28
stiﬀene,28
stiﬂe,283
stlike,296
stock,141
stocking,93
stole,135
stomach,112
stomachache,501
stomp,52
stood,149
stool,23
stoop,59
stop,455
stoppage,56
store,437
storm,415
story,106
straddle,187
straighten,459
strain,73
stranger,193
strangle,66
strap,166
strategy,440
stray,43
stream,103
street,221
strength,152
strengthen,232
stress,474
stretch,280
stretcher,256
stricken,462
stride,166
strike,415
string,38
stringer,238
strip,148
strive,118
stroke,141
stroll,100
stroller,81
struggle,383
strum,66
stub,60
student,51
studio,199
study,379
stuff,415
stumble,91
stump,415
stun,366
stung,193
stupid,227
stutter,395
stuﬀed,28
style,422
styling,95
subconscious,462
subdue,424
subject,32
submerge,167
submissive,296
submit,311
subside,131
succeed,271
success,106
succumb,300
suck,401
sufere,208
sufering,282
suffer,118
suffering,118
suffocate,300
suffocation,6
suggest,214
suggestion,332
suicide,392
suit,156
suitcase,199
suite,383
suitor,98
sulk,365
sully,66
sum,416
summarize,31
summary,435
summon,346
sun,141
sundress,39
sunglass,223
sunny,147
sunset,500
sunshine,147
sunﬁowers,7
superior,463
superstition,502
supervise,142
supervisor,108
supper,209
supplant,301
supplement,74
supply,61
support,459
suppose,445
suppress,269
sure,220
surfing,35
surge,497
surname,473
surpass,314
surprise,15
surprising,193
surrender,311
surround,462
surrounding,178
survey,30
survival,244
survive,437
suspect,1
suspend,43
suspicion,193
sustain,75
sustenance,430
suﬀere,28
suﬀocate,28
swaddle,13
swallow,401
swam,141
swamp,106
swap,459
swarm,482
swat,106
sway,166
swear,220
sweat,49
sweater,330
sweatpant,197
sweatshirt,330
sweep,260
sweetheart,220
swell,73
swelter,8
swerve,203
swim,136
swimsuit,79
swing,482
swinging,45
swipe,331
swish,331
switch,141
swivel,278
swoon,331
swoop,331
sword,375
sympathetic,462
sympathize,202
sympathy,287
symptom,242
synapsis,358
synchronize,278
system,390
ta,288
tab,134
table,129
tablet,193
tabletop,215
tack,439
tackle,260
tactic,43
tag,141
tail,141
tailor,148
take,379
tale,280
talent,106
talk,379
tall,152
tally,43
tame,260
tamp,22
tan,156
tante,380
tantrum,66
tap,4
tape,362
target,48
tarry,365
tart,197
task,214
taste,308
taunt,8
taut,43
tea,193
teach,379
teacher,51
teaching,440
teacup,53
team,489
teammate,463
teapot,53
tear,280
teary,172
tease,4
teasing,193
technique,201
teem,419
teeter,238
telegram,61
telegraph,180
telephone,23
tell,18
temper,193
temperament,462
temperature,422
temple,132
tempt,464
tenacity,267
tend,41
tense,193
tension,49
tentative,134
term,422
terminate,269
terrify,66
territory,130
terriﬁe,151
terror,244
test,48
testimony,390
tether,110
text,213
textbook,74
texte,282
texted,4
thank,147
thaw,59
theory,312
thermo,511
thicken,234
thigh,112
thin,220
thing,415
think,257
thinking,382
thirst,177
thirsty,177
thirty,305
thought,99
thoughtfulness,171
thoughtlessness,433
thread,280
threat,20
threaten,41
thrill,15
thrive,118
throat,375
throb,66
throbbing,193
through,63
throw,91
thrust,367
thudding,278
thumb,112
thumbnail,155
thump,212
thwart,71
tick,91
ticket,125
tickle,285
tide,43
tidy,459
tie,184
tiger,147
tight,367
tighten,459
tile,23
tilt,40
time,224
timid,68
timing,224
tip,141
tiptoe,5
tirade,511
tired,220
tit,5
title,36
to,17
toast,400
toddle,66
toe,11
toenail,155
toil,274
toilette,282
tolerate,118
tolstoy,138
tone,137
tongue,492
tooth,497
top,410
topic,32
topple,71
torment,96
tormentor,98
torso,11
torture,96
torvald,138
toss,364
totter,419
tottering,419
touch,328
toughen,128
tour,51
tow,43
towel,470
tower,132
town,276
townsman,321
toy,182
trace,35
track,134
trade,30
tradition,463
traffic,30
tragedy,244
trail,182
train,315
trainer,51
training,95
traipse,511
trample,411
trance,43
transfer,30
transform,459
transformation,383
transition,462
translate,341
translator,341
transport,30
trap,141
trash,217
travel,213
traveler,383
traverse,462
tray,20
tread,280
treasure,383
treasury,30
treat,156
treatment,392
treaty,390
tree,141
trek,182
tremble,174
trembling,174
trespass,187
tress,380
triale,282
triangular,462
trick,4
trill,411
trimester,98
trip,35
triumph,244
trod,52
troop,43
trot,98
trouble,415
trouser,256
trousseau,307
truck,141
trudge,52
trump,191
trunk,23
trust,9
truth,143
try,38
tsai,140
tuck,166
tug,156
tuition,461
tumble,166
tummy,421
tune,100
tunic,330
tunnel,103
turmoil,244
turn,328
turquoise,29
turtleneck,506
tussle,366
tutelage,267
tutor,166
tutte,380
tv,80
twenty,305
twin,220
twirl,243
twist,156
twisted,220
twisting,178
twitch,500
type,422
tzedakah,495
ultimatum,106
umbrella,330
unbidden,334
unbinding,334
unburden,334
unbutton,219
uncertainty,289
unclasp,13
uncle,101
unclip,13
uncomfortable,49
unconscious,462
uncurl,243
underarm,373
underclothe,373
underestimate,377
underline,60
underpant,238
undershirt,373
understand,379
understanding,118
understatement,144
undertake,306
underthing,66
undertone,66
underwear,148
underworld,244
undo,328
undress,78
undressed,298
unearth,66
unease,193
uneasy,375
unfaze,395
unfettered,334
unflinche,179
unfold,252
unfurl,252
unfurls,252
ungainliness,466
unglue,111
unhappiness,493
unharme,111
unhear,248
unhook,466
uniform,61
unit,422
unknotte,13
unknow,334
unlace,128
unlatche,179
unload,78
unlock,459
unmoore,111
unnerve,226
unpack,78
unpopularity,323
unravel,334
unroll,78
unscramble,13
unsettle,226
unsheathe,111
unsurprise,493
untangle,78
untethere,111
unthinke,111
untie,78
untraine,283
untwist,179
unwavering,267
unwelcome,144
unwind,334
unwound,334
unwrap,243
unzip,219
up,136
upbringing,143
update,153
upend,128
upright,40
upset,48
upstage,248
upstairs,199
urge,118
urgency,193
urging,178
use,38
useful,43
usher,191
usurp,314
uterus,421
utter,118
v,17
vacant,347
vacate,301
vacation,100
vaccine,41
vagin,208
vagina,322
vague,193
valise,197
valuable,332
value,192
vanish,503
vanished,149
vanity,143
vas,16
vase,148
veer,356
vegetable,178
vehemence,395
veil,43
vein,156
venerable,119
vent,141
ventriloquism,358
venture,41
verdict,43
verify,459
vern,365
verse,1
version,134
vertebrfl,511
vibrate,66
victimize,464
view,48
vigil,246
vigilance,133
villa,132
village,344
vineyard,362
violate,178
violet,439
virginity,193
virtue,463
visa,360
vision,383
visit,74
visitor,260
visor,98
visualise,464
visualize,261
vividness,56
vocabulary,43
vodka,400
vogues,197
voice,224
volition,511
volume,19
volunteer,108
vomit,217
vote,38
vouch,249
vow,178
vpn,197
vulnerability,397
vulnerable,134
vulva,300
w,17
wad,419
wade,500
wag,296
wager,412
wail,325
wailing,452
waipo,443
waist,156
waistband,178
waistline,421
wait,455
waiting,177
wake,137
walk,328
walking,382
wall,23
wallet,330
wallow,59
waltz,323
wanchee,365
wander,182
wandering,383
wanna,121
want,177
wanted,177
ward,390
warden,29
wardrobe,199
wariness,501
warm,240
warmth,196
warn,232
warning,193
wash,470
washerwoman,93
waste,217
wastebasket,215
watch,308
watching,135
water,474
watercolor,69
watercolour,69
waterfront,132
waterway,362
wave,91
waver,511
way,497
weak,193
weaken,232
weakly,232
weakness,193
wealth,259
weapon,112
wear,379
wearing,63
weary,178
weather,476
weave,178
web,180
website,129
wedding,89
wedge,462
week,100
weep,172
weigh,43
weight,422
welcome,375
welfare,259
well,147
wept,149
westerner,197
wet,177
what,227
wheedle,27
wheel,280
wheeze,27
whereabout,173
whereabouts,11
which,63
whim,111
whimper,361
whine,325
whip,45
whirl,278
whisk,466
whisked,466
whisper,29
whispering,382
whistle,147
white,29
whole,100
whore,49
widen,383
widow,260
wield,372
wife,89
wiggle,159
wilhelm,332
will,114
willingness,118
willowy,68
wilt,168
win,83
wince,15
wind,217
window,188
windowsill,221
windowtsosotee,21
wine,474
wineglass,53
wing,61
wink,136
winning,332
wipe,35
wire,462
wish,4
wit,280
withdraw,83
withdrawal,83
withhold,128
withstand,178
witness,51
witticism,171
wizardry,218
wobble,212
woe,274
wolfs,419
woman,89
womb,20
wonder,227
woo,115
wood,23
woozy,254
word,415
work,497
workbook,181
worker,108
workload,218
workspace,181
worktable,218
world,276
worry,287
worship,318
worth,118
would,176
wouldn,176
wound,220
wove,173
wrap,280
wrapper,223
wrath,500
wreck,43
wrench,452
wrest,113
wrestle,106
wriggle,159
wring,197
wrinkle,216
wrinkling,216
wrist,112
wristwatch,160
write,205
writhe,174
writhing,326
writing,382
wrong,375
xi,306
xiao,115
yang,115
yank,166
yaoje,33
yard,199
yawn,450
yay,481
year,444
yearbook,222
yearn,197
yearning,224
yell,91
yellow,335
yelp,325
yen,156
yes,220
yin,220
yip,481
yoga,402
yogurt,275
yoko,227
yorker,178
your,280
youth,483
yu,115
yuan,115
yuliang,140
zeal,433
zhou,115
zip,482
zone,61
éclair,284
ﬁaunt,34
ﬁddle,47
ﬁdgete,34
ﬁercely,173
ﬁght,47
ﬁghting,47
ﬁgure,47
ﬁle,34
ﬁll,47
ﬁlle,47
ﬁlm,47
ﬁnalize,47
ﬁnd,34
ﬁne,47
ﬁnger,47
ﬁngere,47
ﬁngernail,47
ﬁngertip,47
ﬁnish,47
ﬁnishe,34
ﬁre,34
ﬁrst,47
ﬁshe,34
ﬁst,34
ﬁt,34
ﬁtte,47
ﬁx,47
ﬁxe,47
ﬂagon,173
ﬂe,34
ﬂed,34
ﬂex,339
ﬂicke,173
ﬂight,339
ﬂinch,173
ﬂinche,173
ﬂippe,173
ﬂoate,173
ﬂoode,173
ﬂoor,339
ﬂoppe,173
ﬂummoxe,21
ﬂung,339
ﬂushe,173
ﬂutter,339
